Brother;https://profit-msk.ru/index.php?option=com_content&view=article&id=4271&Itemid=161;Brother HL-1040
Brother;https://profit-msk.ru/index.php?option=com_content&view=article&id=4272&Itemid=161;Brother HL-1060
Brother;https://profit-msk.ru/index.php?option=com_content&view=article&id=4214&Itemid=161;Brother HL-1110
Brother;https://profit-msk.ru/index.php?option=com_content&view=article&id=6038&Itemid=161;Brother HL-1110E
Brother;https://profit-msk.ru/index.php?option=com_content&view=article&id=6039&Itemid=161;Brother HL-1110R
Brother;https://profit-msk.ru/index.php?option=com_content&view=article&id=4216&Itemid=161;Brother HL-1111
Brother;https://profit-msk.ru/index.php?option=com_content&view=article&id=4215&Itemid=161;Brother HL-1112
Brother;https://profit-msk.ru/index.php?option=com_content&view=article&id=6040&Itemid=161;Brother HL-1112R
Brother;https://profit-msk.ru/index.php?option=com_content&view=article&id=4217&Itemid=161;Brother HL-1118
Brother;https://profit-msk.ru/index.php?option=com_content&view=article&id=6063&Itemid=161;Brother HL-1200
Brother;https://profit-msk.ru/index.php?option=com_content&view=article&id=6064&Itemid=161;Brother HL-1201
Brother;https://profit-msk.ru/index.php?option=com_content&view=article&id=6065&Itemid=161;Brother HL-1202
Brother;https://profit-msk.ru/index.php?option=com_content&view=article&id=6066&Itemid=161;Brother HL-1202R
Brother;https://profit-msk.ru/index.php?option=com_content&view=article&id=6067&Itemid=161;Brother HL-1208
Brother;https://profit-msk.ru/index.php?option=com_content&view=article&id=6041&Itemid=161;Brother HL-1210W
Brother;https://profit-msk.ru/index.php?option=com_content&view=article&id=6043&Itemid=161;Brother HL-1210WE
Brother;https://profit-msk.ru/index.php?option=com_content&view=article&id=6042&Itemid=161;Brother HL-1210WR
Brother;https://profit-msk.ru/index.php?option=com_content&view=article&id=6044&Itemid=161;Brother HL-1211W
Brother;https://profit-msk.ru/index.php?option=com_content&view=article&id=6045&Itemid=161;Brother HL-1212W
Brother;https://profit-msk.ru/index.php?option=com_content&view=article&id=5765&Itemid=161;Brother HL-1212WR
Brother;https://profit-msk.ru/index.php?option=com_content&view=article&id=6289&Itemid=161;Brother HL-1223WR
Brother;https://profit-msk.ru/index.php?option=com_content&view=article&id=4158&Itemid=161;Brother HL-2030
Brother;https://profit-msk.ru/index.php?option=com_content&view=article&id=4220&Itemid=161;Brother HL-2035
Brother;https://profit-msk.ru/index.php?option=com_content&view=article&id=4159&Itemid=161;Brother HL-2040
Brother;https://profit-msk.ru/index.php?option=com_content&view=article&id=4160&Itemid=161;Brother HL-2070N
Brother;https://profit-msk.ru/index.php?option=com_content&view=article&id=4219&Itemid=161;Brother HL-2130
Brother;https://profit-msk.ru/index.php?option=com_content&view=article&id=4234&Itemid=161;Brother HL-2132R
Brother;https://profit-msk.ru/index.php?option=com_content&view=article&id=4221&Itemid=161;Brother HL-2140
Brother;https://profit-msk.ru/index.php?option=com_content&view=article&id=4226&Itemid=161;Brother HL-2142R
Brother;https://profit-msk.ru/index.php?option=com_content&view=article&id=4227&Itemid=161;Brother HL-2150N
Brother;https://profit-msk.ru/index.php?option=com_content&view=article&id=4228&Itemid=161;Brother HL-2170W
Brother;https://profit-msk.ru/index.php?option=com_content&view=article&id=4254&Itemid=161;Brother HL-2240D
Brother;https://profit-msk.ru/index.php?option=com_content&view=article&id=4255&Itemid=161;Brother HL-2250DN
Brother;https://profit-msk.ru/index.php?option=com_content&view=article&id=4256&Itemid=161;Brother HL-2270DW
Brother;https://profit-msk.ru/index.php?option=com_content&view=article&id=4971&Itemid=161;Brother HL-2460
Brother;https://profit-msk.ru/index.php?option=com_content&view=article&id=4276&Itemid=161;Brother HL-5130
Brother;https://profit-msk.ru/index.php?option=com_content&view=article&id=4277&Itemid=161;Brother HL-5140
Brother;https://profit-msk.ru/index.php?option=com_content&view=article&id=4278&Itemid=161;Brother HL-5170DN
Brother;https://profit-msk.ru/index.php?option=com_content&view=article&id=4283&Itemid=161;Brother HL-5240
Brother;https://profit-msk.ru/index.php?option=com_content&view=article&id=4284&Itemid=161;Brother HL-5240L
Brother;https://profit-msk.ru/index.php?option=com_content&view=article&id=4285&Itemid=161;Brother HL-5250DN
Brother;https://profit-msk.ru/index.php?option=com_content&view=article&id=4286&Itemid=161;Brother HL-5270DN
Brother;https://profit-msk.ru/index.php?option=com_content&view=article&id=4287&Itemid=161;Brother HL-5280DW
Brother;https://profit-msk.ru/index.php?option=com_content&view=article&id=4293&Itemid=161;Brother HL-5340D
Brother;https://profit-msk.ru/index.php?option=com_content&view=article&id=4294&Itemid=161;Brother HL-5350DN
Brother;https://profit-msk.ru/index.php?option=com_content&view=article&id=4295&Itemid=161;Brother HL-5370DW
Brother;https://profit-msk.ru/index.php?option=com_content&view=article&id=4296&Itemid=161;Brother HL-5370DWT
Brother;https://profit-msk.ru/index.php?option=com_content&view=article&id=4305&Itemid=161;Brother HL-5440D
Brother;https://profit-msk.ru/index.php?option=com_content&view=article&id=4306&Itemid=161;Brother HL-5450DN
Brother;https://profit-msk.ru/index.php?option=com_content&view=article&id=4307&Itemid=161;Brother HL-5450DNT
Brother;https://profit-msk.ru/index.php?option=com_content&view=article&id=4308&Itemid=161;Brother HL-5470DW
Brother;https://profit-msk.ru/index.php?option=com_content&view=article&id=4317&Itemid=161;Brother HL-6050
Brother;https://profit-msk.ru/index.php?option=com_content&view=article&id=4318&Itemid=161;Brother HL-6050D
Brother;https://profit-msk.ru/index.php?option=com_content&view=article&id=4319&Itemid=161;Brother HL-6050DN
Brother;https://profit-msk.ru/index.php?option=com_content&view=article&id=4309&Itemid=161;Brother HL-6180DW
Brother;https://profit-msk.ru/index.php?option=com_content&view=article&id=4310&Itemid=161;Brother HL-6180DWT
Brother;https://profit-msk.ru/index.php?option=com_content&view=article&id=4320&Itemid=161;Brother HL-7050
Brother;https://profit-msk.ru/index.php?option=com_content&view=article&id=4973&Itemid=161;Brother HL-8050N
Brother;https://profit-msk.ru/index.php?option=com_content&view=article&id=4242&Itemid=161;Brother HL-L2300D
Brother;https://profit-msk.ru/index.php?option=com_content&view=article&id=4243&Itemid=161;Brother HL-L2340DW
Brother;https://profit-msk.ru/index.php?option=com_content&view=article&id=4244&Itemid=161;Brother HL-L2360DN
Brother;https://profit-msk.ru/index.php?option=com_content&view=article&id=4245&Itemid=161;Brother HL-L2365DW
Brother;https://profit-msk.ru/index.php?option=com_content&view=article&id=5799&Itemid=161;Brother HL-L5000D
Brother;https://profit-msk.ru/index.php?option=com_content&view=article&id=5793&Itemid=161;Brother HL-L5100DN
Brother;https://profit-msk.ru/index.php?option=com_content&view=article&id=5800&Itemid=161;Brother HL-L5100DNT
Brother;https://profit-msk.ru/index.php?option=com_content&view=article&id=5794&Itemid=161;Brother HL-L5200DW
Brother;https://profit-msk.ru/index.php?option=com_content&view=article&id=5801&Itemid=161;Brother HL-L5200DWT
Brother;https://profit-msk.ru/index.php?option=com_content&view=article&id=5795&Itemid=161;Brother HL-L6300DW
Brother;https://profit-msk.ru/index.php?option=com_content&view=article&id=5796&Itemid=161;Brother HL-L6400DW
Brother;https://profit-msk.ru/index.php?option=com_content&view=article&id=4205&Itemid=161;Brother DCP-1510
Brother;https://profit-msk.ru/index.php?option=com_content&view=article&id=6046&Itemid=161;Brother DCP-1510E
Brother;https://profit-msk.ru/index.php?option=com_content&view=article&id=6047&Itemid=161;Brother DCP-1510R
Brother;https://profit-msk.ru/index.php?option=com_content&view=article&id=4206&Itemid=161;Brother DCP-1511
Brother;https://profit-msk.ru/index.php?option=com_content&view=article&id=4207&Itemid=161;Brother DCP-1512
Brother;https://profit-msk.ru/index.php?option=com_content&view=article&id=6048&Itemid=161;Brother DCP-1512R
Brother;https://profit-msk.ru/index.php?option=com_content&view=article&id=4208&Itemid=161;Brother DCP-1518
Brother;https://profit-msk.ru/index.php?option=com_content&view=article&id=6290&Itemid=161;Brother DCP-1602R
Brother;https://profit-msk.ru/index.php?option=com_content&view=article&id=6051&Itemid=161;Brother DCP-1610W
Brother;https://profit-msk.ru/index.php?option=com_content&view=article&id=6052&Itemid=161;Brother DCP-1610WR
Brother;https://profit-msk.ru/index.php?option=com_content&view=article&id=6053&Itemid=161;Brother DCP-1612W
Brother;https://profit-msk.ru/index.php?option=com_content&view=article&id=5785&Itemid=161;Brother DCP-1612WR
Brother;https://profit-msk.ru/index.php?option=com_content&view=article&id=6054&Itemid=161;Brother DCP-1615NW
Brother;https://profit-msk.ru/index.php?option=com_content&view=article&id=6055&Itemid=161;Brother DCP-1616NW
Brother;https://profit-msk.ru/index.php?option=com_content&view=article&id=6056&Itemid=161;Brother DCP-1617NW
Brother;https://profit-msk.ru/index.php?option=com_content&view=article&id=6057&Itemid=161;Brother DCP-1618W
Brother;https://profit-msk.ru/index.php?option=com_content&view=article&id=6288&Itemid=161;Brother DCP-1623WR
Brother;https://profit-msk.ru/index.php?option=com_content&view=article&id=4161&Itemid=161;Brother DCP-7010
Brother;https://profit-msk.ru/index.php?option=com_content&view=article&id=6036&Itemid=161;Brother DCP-7010L
Brother;https://profit-msk.ru/index.php?option=com_content&view=article&id=6037&Itemid=161;Brother DCP-7020
Brother;https://profit-msk.ru/index.php?option=com_content&view=article&id=4162&Itemid=161;Brother DCP-7025
Brother;https://profit-msk.ru/index.php?option=com_content&view=article&id=4222&Itemid=161;Brother DCP-7030
Brother;https://profit-msk.ru/index.php?option=com_content&view=article&id=4223&Itemid=161;Brother DCP-7032R
Brother;https://profit-msk.ru/index.php?option=com_content&view=article&id=4224&Itemid=161;Brother DCP-7040
Brother;https://profit-msk.ru/index.php?option=com_content&view=article&id=4225&Itemid=161;Brother DCP-7045N
Brother;https://profit-msk.ru/index.php?option=com_content&view=article&id=4218&Itemid=161;Brother DCP-7055
Brother;https://profit-msk.ru/index.php?option=com_content&view=article&id=4233&Itemid=161;Brother DCP-7057R
Brother;https://profit-msk.ru/index.php?option=com_content&view=article&id=4251&Itemid=161;Brother DCP-7060D
Brother;https://profit-msk.ru/index.php?option=com_content&view=article&id=4252&Itemid=161;Brother DCP-7065DN
Brother;https://profit-msk.ru/index.php?option=com_content&view=article&id=4253&Itemid=161;Brother DCP-7070DW
Brother;https://profit-msk.ru/index.php?option=com_content&view=article&id=4274&Itemid=161;Brother DCP-8040
Brother;https://profit-msk.ru/index.php?option=com_content&view=article&id=4275&Itemid=161;Brother DCP-8045D
Brother;https://profit-msk.ru/index.php?option=com_content&view=article&id=4281&Itemid=161;Brother DCP-8060
Brother;https://profit-msk.ru/index.php?option=com_content&view=article&id=4282&Itemid=161;Brother DCP-8065DN
Brother;https://profit-msk.ru/index.php?option=com_content&view=article&id=4290&Itemid=161;Brother DCP-8070D
Brother;https://profit-msk.ru/index.php?option=com_content&view=article&id=4291&Itemid=161;Brother DCP-8080DN
Brother;https://profit-msk.ru/index.php?option=com_content&view=article&id=4292&Itemid=161;Brother DCP-8085DN
Brother;https://profit-msk.ru/index.php?option=com_content&view=article&id=4302&Itemid=161;Brother DCP-8110DN
Brother;https://profit-msk.ru/index.php?option=com_content&view=article&id=4303&Itemid=161;Brother DCP-8155DN
Brother;https://profit-msk.ru/index.php?option=com_content&view=article&id=4304&Itemid=161;Brother DCP-8250DN
Brother;https://profit-msk.ru/index.php?option=com_content&view=article&id=4238&Itemid=161;Brother DCP-L2500D
Brother;https://profit-msk.ru/index.php?option=com_content&view=article&id=4239&Itemid=161;Brother DCP-L2520DW
Brother;https://profit-msk.ru/index.php?option=com_content&view=article&id=4240&Itemid=161;Brother DCP-L2540DN
Brother;https://profit-msk.ru/index.php?option=com_content&view=article&id=4241&Itemid=161;Brother DCP-L2560DW
Brother;https://profit-msk.ru/index.php?option=com_content&view=article&id=5786&Itemid=161;Brother DCP-L5500DN
Brother;https://profit-msk.ru/index.php?option=com_content&view=article&id=5787&Itemid=161;Brother DCP-L6600DW
Brother;https://profit-msk.ru/index.php?option=com_content&view=article&id=4167&Itemid=161;Brother FAX-2820
Brother;https://profit-msk.ru/index.php?option=com_content&view=article&id=4168&Itemid=161;Brother FAX-2825
Brother;https://profit-msk.ru/index.php?option=com_content&view=article&id=4169&Itemid=161;Brother FAX-2920
Brother;https://profit-msk.ru/index.php?option=com_content&view=article&id=4257&Itemid=161;Brother HL-2280DW
Brother;https://profit-msk.ru/index.php?option=com_content&view=article&id=4209&Itemid=161;Brother MFC-1810
Brother;https://profit-msk.ru/index.php?option=com_content&view=article&id=6049&Itemid=161;Brother MFC-1810R
Brother;https://profit-msk.ru/index.php?option=com_content&view=article&id=4210&Itemid=161;Brother MFC-1811
Brother;https://profit-msk.ru/index.php?option=com_content&view=article&id=4211&Itemid=161;Brother MFC-1813
Brother;https://profit-msk.ru/index.php?option=com_content&view=article&id=4212&Itemid=161;Brother MFC-1815
Brother;https://profit-msk.ru/index.php?option=com_content&view=article&id=6050&Itemid=161;Brother MFC-1815R
Brother;https://profit-msk.ru/index.php?option=com_content&view=article&id=4213&Itemid=161;Brother MFC-1818
Brother;https://profit-msk.ru/index.php?option=com_content&view=article&id=6058&Itemid=161;Brother MFC-1910W
Brother;https://profit-msk.ru/index.php?option=com_content&view=article&id=6059&Itemid=161;Brother MFC-1911W
Brother;https://profit-msk.ru/index.php?option=com_content&view=article&id=5788&Itemid=161;Brother MFC-1912WR
Brother;https://profit-msk.ru/index.php?option=com_content&view=article&id=6060&Itemid=161;Brother MFC-1915W
Brother;https://profit-msk.ru/index.php?option=com_content&view=article&id=6061&Itemid=161;Brother MFC-1916NW
Brother;https://profit-msk.ru/index.php?option=com_content&view=article&id=6062&Itemid=161;Brother MFC-1919NW
Brother;https://profit-msk.ru/index.php?option=com_content&view=article&id=4163&Itemid=161;Brother MFC-7220
Brother;https://profit-msk.ru/index.php?option=com_content&view=article&id=4164&Itemid=161;Brother MFC-7225N
Brother;https://profit-msk.ru/index.php?option=com_content&view=article&id=4249&Itemid=161;Brother MFC-7240
Brother;https://profit-msk.ru/index.php?option=com_content&view=article&id=4229&Itemid=161;Brother MFC-7320
Brother;https://profit-msk.ru/index.php?option=com_content&view=article&id=4230&Itemid=161;Brother MFC-7340
Brother;https://profit-msk.ru/index.php?option=com_content&view=article&id=4258&Itemid=161;Brother MFC-7360N
Brother;https://profit-msk.ru/index.php?option=com_content&view=article&id=4250&Itemid=161;Brother MFC-7362N
Brother;https://profit-msk.ru/index.php?option=com_content&view=article&id=4165&Itemid=161;Brother MFC-7420
Brother;https://profit-msk.ru/index.php?option=com_content&view=article&id=4231&Itemid=161;Brother MFC-7440N
Brother;https://profit-msk.ru/index.php?option=com_content&view=article&id=4259&Itemid=161;Brother MFC-7460DN
Brother;https://profit-msk.ru/index.php?option=com_content&view=article&id=4166&Itemid=161;Brother MFC-7820N
Brother;https://profit-msk.ru/index.php?option=com_content&view=article&id=4232&Itemid=161;Brother MFC-7840W
Brother;https://profit-msk.ru/index.php?option=com_content&view=article&id=4260&Itemid=161;Brother MFC-7860DW
Brother;https://profit-msk.ru/index.php?option=com_content&view=article&id=4279&Itemid=161;Brother MFC-8220
Brother;https://profit-msk.ru/index.php?option=com_content&view=article&id=4297&Itemid=161;Brother MFC-8370DN
Brother;https://profit-msk.ru/index.php?option=com_content&view=article&id=4298&Itemid=161;Brother MFC-8380DN
Brother;https://profit-msk.ru/index.php?option=com_content&view=article&id=4288&Itemid=161;Brother MFC-8460N
Brother;https://profit-msk.ru/index.php?option=com_content&view=article&id=4299&Itemid=161;Brother MFC-8480DN
Brother;https://profit-msk.ru/index.php?option=com_content&view=article&id=4311&Itemid=161;Brother MFC-8510DN
Brother;https://profit-msk.ru/index.php?option=com_content&view=article&id=4312&Itemid=161;Brother MFC-8520DN
Brother;https://profit-msk.ru/index.php?option=com_content&view=article&id=4313&Itemid=161;Brother MFC-8710DW
Brother;https://profit-msk.ru/index.php?option=com_content&view=article&id=4280&Itemid=161;Brother MFC-8840D
Brother;https://profit-msk.ru/index.php?option=com_content&view=article&id=4289&Itemid=161;Brother MFC-8860DN
Brother;https://profit-msk.ru/index.php?option=com_content&view=article&id=4300&Itemid=161;Brother MFC-8880DN
Brother;https://profit-msk.ru/index.php?option=com_content&view=article&id=4301&Itemid=161;Brother MFC-8890DW
Brother;https://profit-msk.ru/index.php?option=com_content&view=article&id=4314&Itemid=161;Brother MFC-8910DW
Brother;https://profit-msk.ru/index.php?option=com_content&view=article&id=4315&Itemid=161;Brother MFC-8950DW
Brother;https://profit-msk.ru/index.php?option=com_content&view=article&id=4316&Itemid=161;Brother MFC-8950DWT
Brother;https://profit-msk.ru/index.php?option=com_content&view=article&id=4246&Itemid=161;Brother MFC-L2700DW
Brother;https://profit-msk.ru/index.php?option=com_content&view=article&id=4247&Itemid=161;Brother MFC-L2720DW
Brother;https://profit-msk.ru/index.php?option=com_content&view=article&id=4248&Itemid=161;Brother MFC-L2740DW
Brother;https://profit-msk.ru/index.php?option=com_content&view=article&id=6291&Itemid=161;Brother MFC-L5700DN
Brother;https://profit-msk.ru/index.php?option=com_content&view=article&id=5789&Itemid=161;Brother MFC-L5750DW
Brother;https://profit-msk.ru/index.php?option=com_content&view=article&id=5790&Itemid=161;Brother MFC-L6800DW
Brother;https://profit-msk.ru/index.php?option=com_content&view=article&id=5791&Itemid=161;Brother MFC-L6900DW
Brother;https://profit-msk.ru/index.php?option=com_content&view=article&id=4273&Itemid=161;Brother MFC-P2000
Brother;https://profit-msk.ru/index.php?option=com_content&view=article&id=4189&Itemid=161;Brother HL-3040CN
Brother;https://profit-msk.ru/index.php?option=com_content&view=article&id=4191&Itemid=161;Brother HL-3045CN
Brother;https://profit-msk.ru/index.php?option=com_content&view=article&id=4190&Itemid=161;Brother HL-3070CW
Brother;https://profit-msk.ru/index.php?option=com_content&view=article&id=4192&Itemid=161;Brother HL-3075CW
Brother;https://profit-msk.ru/index.php?option=com_content&view=article&id=4264&Itemid=161;Brother HL-3140CW
Brother;https://profit-msk.ru/index.php?option=com_content&view=article&id=4265&Itemid=161;Brother HL-3150CDN
Brother;https://profit-msk.ru/index.php?option=com_content&view=article&id=4266&Itemid=161;Brother HL-3150CDW
Brother;https://profit-msk.ru/index.php?option=com_content&view=article&id=4267&Itemid=161;Brother HL-3170CDW
Brother;https://profit-msk.ru/index.php?option=com_content&view=article&id=4970&Itemid=161;Brother HL-4000CN
Brother;https://profit-msk.ru/index.php?option=com_content&view=article&id=4174&Itemid=161;Brother HL-4040CN
Brother;https://profit-msk.ru/index.php?option=com_content&view=article&id=4175&Itemid=161;Brother HL-4050CDN
Brother;https://profit-msk.ru/index.php?option=com_content&view=article&id=4176&Itemid=161;Brother HL-4070CDW
Brother;https://profit-msk.ru/index.php?option=com_content&view=article&id=4197&Itemid=161;Brother HL-4140CN
Brother;https://profit-msk.ru/index.php?option=com_content&view=article&id=4198&Itemid=161;Brother HL-4150CDN
Brother;https://profit-msk.ru/index.php?option=com_content&view=article&id=4199&Itemid=161;Brother HL-4570CDW
Brother;https://profit-msk.ru/index.php?option=com_content&view=article&id=4200&Itemid=161;Brother HL-4570CDWT
Brother;https://profit-msk.ru/index.php?option=com_content&view=article&id=5798&Itemid=161;Brother HL-L9200CDWT
Brother;https://profit-msk.ru/index.php?option=com_content&view=article&id=5797&Itemid=161;Brother HL-L9310CDW
Brother;https://profit-msk.ru/index.php?option=com_content&view=article&id=4185&Itemid=161;Brother DCP-9010CN
Brother;https://profit-msk.ru/index.php?option=com_content&view=article&id=4263&Itemid=161;Brother DCP-9020CDW
Brother;https://profit-msk.ru/index.php?option=com_content&view=article&id=4177&Itemid=161;Brother DCP-9040CN
Brother;https://profit-msk.ru/index.php?option=com_content&view=article&id=4178&Itemid=161;Brother DCP-9042CDN
Brother;https://profit-msk.ru/index.php?option=com_content&view=article&id=4179&Itemid=161;Brother DCP-9045CDN
Brother;https://profit-msk.ru/index.php?option=com_content&view=article&id=4195&Itemid=161;Brother DCP-9055CDN
Brother;https://profit-msk.ru/index.php?option=com_content&view=article&id=4196&Itemid=161;Brother DCP-9270CDN
Brother;https://profit-msk.ru/index.php?option=com_content&view=article&id=5792&Itemid=161;Brother DCP-L8410CDW
Brother;https://profit-msk.ru/index.php?option=com_content&view=article&id=6640&Itemid=161;Brother DCP-L8450CDW
Brother;https://profit-msk.ru/index.php?option=com_content&view=article&id=4186&Itemid=161;Brother MFC-9010CN
Brother;https://profit-msk.ru/index.php?option=com_content&view=article&id=4187&Itemid=161;Brother MFC-9120CN
Brother;https://profit-msk.ru/index.php?option=com_content&view=article&id=4193&Itemid=161;Brother MFC-9125CN
Brother;https://profit-msk.ru/index.php?option=com_content&view=article&id=4268&Itemid=161;Brother MFC-9140CDN
Brother;https://profit-msk.ru/index.php?option=com_content&view=article&id=4188&Itemid=161;Brother MFC-9320CW
Brother;https://profit-msk.ru/index.php?option=com_content&view=article&id=4194&Itemid=161;Brother MFC-9325CW
Brother;https://profit-msk.ru/index.php?option=com_content&view=article&id=4269&Itemid=161;Brother MFC-9330CDW
Brother;https://profit-msk.ru/index.php?option=com_content&view=article&id=4270&Itemid=161;Brother MFC-9340CDW
Brother;https://profit-msk.ru/index.php?option=com_content&view=article&id=4180&Itemid=161;Brother MFC-9440CN
Brother;https://profit-msk.ru/index.php?option=com_content&view=article&id=4181&Itemid=161;Brother MFC-9450CDN
Brother;https://profit-msk.ru/index.php?option=com_content&view=article&id=4201&Itemid=161;Brother MFC-9460CDN
Brother;https://profit-msk.ru/index.php?option=com_content&view=article&id=4202&Itemid=161;Brother MFC-9465CDN
Brother;https://profit-msk.ru/index.php?option=com_content&view=article&id=4203&Itemid=161;Brother MFC-9560CDW
Brother;https://profit-msk.ru/index.php?option=com_content&view=article&id=4182&Itemid=161;Brother MFC-9840CDW
Brother;https://profit-msk.ru/index.php?option=com_content&view=article&id=4204&Itemid=161;Brother MFC-9970CDW
Brother;https://profit-msk.ru/index.php?option=com_content&view=article&id=6638&Itemid=161;Brother DCP-L8400CDN
Brother;https://profit-msk.ru/index.php?option=com_content&view=article&id=6639&Itemid=161;Brother MFC-L8650CDW
Brother;https://profit-msk.ru/index.php?option=com_content&view=article&id=6641&Itemid=161;Brother MFC-L8850CDW
Brother;https://profit-msk.ru/index.php?option=com_content&view=article&id=6637&Itemid=161;Brother MFC-L9550CDW
Brother;https://profit-msk.ru/index.php?option=com_content&view=article&id=6030&Itemid=161;Brother DCP-110C
Brother;https://profit-msk.ru/index.php?option=com_content&view=article&id=6035&Itemid=161;Brother DCP-310CN
Brother;https://profit-msk.ru/index.php?option=com_content&view=article&id=6034&Itemid=161;Brother FAX-2440C
Brother;https://profit-msk.ru/index.php?option=com_content&view=article&id=6031&Itemid=161;Brother MFC-210C
Brother;https://profit-msk.ru/index.php?option=com_content&view=article&id=6032&Itemid=161;Brother MFC-410CN
Brother;https://profit-msk.ru/index.php?option=com_content&view=article&id=6033&Itemid=161;Brother MFC-620CN
