Canon;https://profit-msk.ru/index.php?option=com_content&view=article&id=1874&Itemid=108;Canon LASER SHOT LBP-1110SE
Canon;https://profit-msk.ru/index.php?option=com_content&view=article&id=1877&Itemid=108;Canon LASER SHOT LBP-1120
Canon;https://profit-msk.ru/index.php?option=com_content&view=article&id=2835&Itemid=108;Canon LASER SHOT LBP2900
Canon;https://profit-msk.ru/index.php?option=com_content&view=article&id=5688&Itemid=108;Canon LASER SHOT LBP3460
Canon;https://profit-msk.ru/index.php?option=com_content&view=article&id=3171&Itemid=108;Canon LBP-1000
Canon;https://profit-msk.ru/index.php?option=com_content&view=article&id=3172&Itemid=108;Canon LBP-2000
Canon;https://profit-msk.ru/index.php?option=com_content&view=article&id=1875&Itemid=108;Canon LBP-800
Canon;https://profit-msk.ru/index.php?option=com_content&view=article&id=1876&Itemid=108;Canon LBP-810
Canon;https://profit-msk.ru/index.php?option=com_content&view=article&id=5929&Itemid=108;Canon i-SENSYS LBP112
Canon;https://profit-msk.ru/index.php?option=com_content&view=article&id=5930&Itemid=108;Canon i-SENSYS LBP113w
Canon;https://profit-msk.ru/index.php?option=com_content&view=article&id=6275&Itemid=108;Canon i-SENSYS LBP151dw
Canon;https://profit-msk.ru/index.php?option=com_content&view=article&id=5923&Itemid=108;Canon i-SENSYS LBP162dw
Canon;https://profit-msk.ru/index.php?option=com_content&view=article&id=5910&Itemid=108;Canon i-SENSYS LBP212dw
Canon;https://profit-msk.ru/index.php?option=com_content&view=article&id=5911&Itemid=108;Canon i-SENSYS LBP214dw
Canon;https://profit-msk.ru/index.php?option=com_content&view=article&id=5912&Itemid=108;Canon i-SENSYS LBP215x
Canon;https://profit-msk.ru/index.php?option=com_content&view=article&id=6315&Itemid=108;Canon i-SENSYS LBP223dw
Canon;https://profit-msk.ru/index.php?option=com_content&view=article&id=6316&Itemid=108;Canon i-SENSYS LBP226dw
Canon;https://profit-msk.ru/index.php?option=com_content&view=article&id=6317&Itemid=108;Canon i-SENSYS LBP228x
Canon;https://profit-msk.ru/index.php?option=com_content&view=article&id=5745&Itemid=108;Canon i-SENSYS LBP251dw
Canon;https://profit-msk.ru/index.php?option=com_content&view=article&id=5747&Itemid=108;Canon i-SENSYS LBP252dw
Canon;https://profit-msk.ru/index.php?option=com_content&view=article&id=5746&Itemid=108;Canon i-SENSYS LBP253x
Canon;https://profit-msk.ru/index.php?option=com_content&view=article&id=6309&Itemid=108;Canon i-SENSYS LBP2900
Canon;https://profit-msk.ru/index.php?option=com_content&view=article&id=6310&Itemid=108;Canon i-SENSYS LBP2900B
Canon;https://profit-msk.ru/index.php?option=com_content&view=article&id=6303&Itemid=108;Canon i-SENSYS LBP3010
Canon;https://profit-msk.ru/index.php?option=com_content&view=article&id=6304&Itemid=108;Canon i-SENSYS LBP3010B
Canon;https://profit-msk.ru/index.php?option=com_content&view=article&id=6311&Itemid=108;Canon i-SENSYS LBP3100
Canon;https://profit-msk.ru/index.php?option=com_content&view=article&id=5818&Itemid=108;Canon i-SENSYS LBP312x
Canon;https://profit-msk.ru/index.php?option=com_content&view=article&id=5877&Itemid=108;Canon i-SENSYS LBP3250
Canon;https://profit-msk.ru/index.php?option=com_content&view=article&id=857&Itemid=108;Canon i-SENSYS LBP325x
Canon;https://profit-msk.ru/index.php?option=com_content&view=article&id=6073&Itemid=108;Canon i-SENSYS LBP3300
Canon;https://profit-msk.ru/index.php?option=com_content&view=article&id=1857&Itemid=108;Canon i-SENSYS LBP3310
Canon;https://profit-msk.ru/index.php?option=com_content&view=article&id=6074&Itemid=108;Canon i-SENSYS LBP3360
Canon;https://profit-msk.ru/index.php?option=com_content&view=article&id=1858&Itemid=108;Canon i-SENSYS LBP3370
Canon;https://profit-msk.ru/index.php?option=com_content&view=article&id=5743&Itemid=108;Canon i-SENSYS LBP351x
Canon;https://profit-msk.ru/index.php?option=com_content&view=article&id=5744&Itemid=108;Canon i-SENSYS LBP352x
Canon;https://profit-msk.ru/index.php?option=com_content&view=article&id=5903&Itemid=108;Canon i-SENSYS LBP6000
Canon;https://profit-msk.ru/index.php?option=com_content&view=article&id=5904&Itemid=108;Canon i-SENSYS LBP6000B
Canon;https://profit-msk.ru/index.php?option=com_content&view=article&id=4636&Itemid=108;Canon i-SENSYS LBP6020
Canon;https://profit-msk.ru/index.php?option=com_content&view=article&id=4637&Itemid=108;Canon i-SENSYS LBP6020B
Canon;https://profit-msk.ru/index.php?option=com_content&view=article&id=4755&Itemid=108;Canon i-SENSYS LBP6030B
Canon;https://profit-msk.ru/index.php?option=com_content&view=article&id=4756&Itemid=108;Canon i-SENSYS LBP6030w
Canon;https://profit-msk.ru/index.php?option=com_content&view=article&id=5306&Itemid=108;Canon i-SENSYS LBP6230dw
Canon;https://profit-msk.ru/index.php?option=com_content&view=article&id=4716&Itemid=108;Canon i-SENSYS LBP6300dn
Canon;https://profit-msk.ru/index.php?option=com_content&view=article&id=4638&Itemid=108;Canon i-SENSYS LBP6310dn
Canon;https://profit-msk.ru/index.php?option=com_content&view=article&id=4717&Itemid=108;Canon i-SENSYS LBP6650dn
Canon;https://profit-msk.ru/index.php?option=com_content&view=article&id=4639&Itemid=108;Canon i-SENSYS LBP6670dn
Canon;https://profit-msk.ru/index.php?option=com_content&view=article&id=4640&Itemid=108;Canon i-SENSYS LBP6680x
Canon;https://profit-msk.ru/index.php?option=com_content&view=article&id=4972&Itemid=108;Canon i-SENSYS LBP6750dn
Canon;https://profit-msk.ru/index.php?option=com_content&view=article&id=4641&Itemid=108;Canon i-SENSYS LBP6780x
Canon;https://profit-msk.ru/index.php?option=com_content&view=article&id=2798&Itemid=108;Canon FAXPHONE L120
Canon;https://profit-msk.ru/index.php?option=com_content&view=article&id=2797&Itemid=108;Canon FAXPHONE L90
Canon;https://profit-msk.ru/index.php?option=com_content&view=article&id=5828&Itemid=108;Canon LaserBase MF6530
Canon;https://profit-msk.ru/index.php?option=com_content&view=article&id=5829&Itemid=108;Canon LaserBase MF6540PL
Canon;https://profit-msk.ru/index.php?option=com_content&view=article&id=5830&Itemid=108;Canon LaserBase MF6550
Canon;https://profit-msk.ru/index.php?option=com_content&view=article&id=5831&Itemid=108;Canon LaserBase MF6560PL
Canon;https://profit-msk.ru/index.php?option=com_content&view=article&id=5832&Itemid=108;Canon LaserBase MF6580PL
Canon;https://profit-msk.ru/index.php?option=com_content&view=article&id=2827&Itemid=108;Canon PC-D450
Canon;https://profit-msk.ru/index.php?option=com_content&view=article&id=2809&Itemid=108;Canon i-SENSYS FAX-L100
Canon;https://profit-msk.ru/index.php?option=com_content&view=article&id=2810&Itemid=108;Canon i-SENSYS FAX-L120
Canon;https://profit-msk.ru/index.php?option=com_content&view=article&id=2811&Itemid=108;Canon i-SENSYS FAX-L140
Canon;https://profit-msk.ru/index.php?option=com_content&view=article&id=2812&Itemid=108;Canon i-SENSYS FAX-L160
Canon;https://profit-msk.ru/index.php?option=com_content&view=article&id=5931&Itemid=108;Canon i-SENSYS MF112
Canon;https://profit-msk.ru/index.php?option=com_content&view=article&id=5932&Itemid=108;Canon i-SENSYS MF113w
Canon;https://profit-msk.ru/index.php?option=com_content&view=article&id=4570&Itemid=108;Canon i-SENSYS MF211
Canon;https://profit-msk.ru/index.php?option=com_content&view=article&id=4573&Itemid=108;Canon i-SENSYS MF212w
Canon;https://profit-msk.ru/index.php?option=com_content&view=article&id=4574&Itemid=108;Canon i-SENSYS MF216n
Canon;https://profit-msk.ru/index.php?option=com_content&view=article&id=4571&Itemid=108;Canon i-SENSYS MF217w
Canon;https://profit-msk.ru/index.php?option=com_content&view=article&id=4575&Itemid=108;Canon i-SENSYS MF226dn
Canon;https://profit-msk.ru/index.php?option=com_content&view=article&id=4572&Itemid=108;Canon i-SENSYS MF229dw
Canon;https://profit-msk.ru/index.php?option=com_content&view=article&id=6276&Itemid=108;Canon i-SENSYS MF231
Canon;https://profit-msk.ru/index.php?option=com_content&view=article&id=6277&Itemid=108;Canon i-SENSYS MF232w
Canon;https://profit-msk.ru/index.php?option=com_content&view=article&id=6278&Itemid=108;Canon i-SENSYS MF237w
Canon;https://profit-msk.ru/index.php?option=com_content&view=article&id=6279&Itemid=108;Canon i-SENSYS MF244dw
Canon;https://profit-msk.ru/index.php?option=com_content&view=article&id=6280&Itemid=108;Canon i-SENSYS MF247dw
Canon;https://profit-msk.ru/index.php?option=com_content&view=article&id=6281&Itemid=108;Canon i-SENSYS MF249dw
Canon;https://profit-msk.ru/index.php?option=com_content&view=article&id=5924&Itemid=108;Canon i-SENSYS MF264dw
Canon;https://profit-msk.ru/index.php?option=com_content&view=article&id=5925&Itemid=108;Canon i-SENSYS MF267dw
Canon;https://profit-msk.ru/index.php?option=com_content&view=article&id=5926&Itemid=108;Canon i-SENSYS MF269dw
Canon;https://profit-msk.ru/index.php?option=com_content&view=article&id=4650&Itemid=108;Canon i-SENSYS MF3010
Canon;https://profit-msk.ru/index.php?option=com_content&view=article&id=2813&Itemid=108;Canon i-SENSYS MF4010
Canon;https://profit-msk.ru/index.php?option=com_content&view=article&id=2814&Itemid=108;Canon i-SENSYS MF4018
Canon;https://profit-msk.ru/index.php?option=com_content&view=article&id=6016&Itemid=108;Canon i-SENSYS MF411dw
Canon;https://profit-msk.ru/index.php?option=com_content&view=article&id=2815&Itemid=108;Canon i-SENSYS MF4120
Canon;https://profit-msk.ru/index.php?option=com_content&view=article&id=2816&Itemid=108;Canon i-SENSYS MF4140
Canon;https://profit-msk.ru/index.php?option=com_content&view=article&id=2817&Itemid=108;Canon i-SENSYS MF4150
Canon;https://profit-msk.ru/index.php?option=com_content&view=article&id=6017&Itemid=108;Canon i-SENSYS MF416dw
Canon;https://profit-msk.ru/index.php?option=com_content&view=article&id=6018&Itemid=108;Canon i-SENSYS MF418x
Canon;https://profit-msk.ru/index.php?option=com_content&view=article&id=6019&Itemid=108;Canon i-SENSYS MF419x
Canon;https://profit-msk.ru/index.php?option=com_content&view=article&id=5913&Itemid=108;Canon i-SENSYS MF421dw
Canon;https://profit-msk.ru/index.php?option=com_content&view=article&id=5914&Itemid=108;Canon i-SENSYS MF426dw
Canon;https://profit-msk.ru/index.php?option=com_content&view=article&id=2818&Itemid=108;Canon i-SENSYS MF4270
Canon;https://profit-msk.ru/index.php?option=com_content&view=article&id=5915&Itemid=108;Canon i-SENSYS MF428x
Canon;https://profit-msk.ru/index.php?option=com_content&view=article&id=5916&Itemid=108;Canon i-SENSYS MF429x
Canon;https://profit-msk.ru/index.php?option=com_content&view=article&id=2819&Itemid=108;Canon i-SENSYS MF4320d
Canon;https://profit-msk.ru/index.php?option=com_content&view=article&id=2820&Itemid=108;Canon i-SENSYS MF4330d
Canon;https://profit-msk.ru/index.php?option=com_content&view=article&id=2821&Itemid=108;Canon i-SENSYS MF4340d
Canon;https://profit-msk.ru/index.php?option=com_content&view=article&id=2822&Itemid=108;Canon i-SENSYS MF4350d
Canon;https://profit-msk.ru/index.php?option=com_content&view=article&id=2823&Itemid=108;Canon i-SENSYS MF4370dn
Canon;https://profit-msk.ru/index.php?option=com_content&view=article&id=2824&Itemid=108;Canon i-SENSYS MF4380dn
Canon;https://profit-msk.ru/index.php?option=com_content&view=article&id=6339&Itemid=108;Canon i-SENSYS MF4410
Canon;https://profit-msk.ru/index.php?option=com_content&view=article&id=6340&Itemid=108;Canon i-SENSYS MF4430
Canon;https://profit-msk.ru/index.php?option=com_content&view=article&id=6318&Itemid=108;Canon i-SENSYS MF443dw
Canon;https://profit-msk.ru/index.php?option=com_content&view=article&id=6341&Itemid=108;Canon i-SENSYS MF4450
Canon;https://profit-msk.ru/index.php?option=com_content&view=article&id=6319&Itemid=108;Canon i-SENSYS MF445dw
Canon;https://profit-msk.ru/index.php?option=com_content&view=article&id=6320&Itemid=108;Canon i-SENSYS MF446x
Canon;https://profit-msk.ru/index.php?option=com_content&view=article&id=6321&Itemid=108;Canon i-SENSYS MF449x
Canon;https://profit-msk.ru/index.php?option=com_content&view=article&id=6342&Itemid=108;Canon i-SENSYS MF4550d
Canon;https://profit-msk.ru/index.php?option=com_content&view=article&id=6343&Itemid=108;Canon i-SENSYS MF4570dn
Canon;https://profit-msk.ru/index.php?option=com_content&view=article&id=6344&Itemid=108;Canon i-SENSYS MF4580dn
Canon;https://profit-msk.ru/index.php?option=com_content&view=article&id=2825&Itemid=108;Canon i-SENSYS MF4660PL
Canon;https://profit-msk.ru/index.php?option=com_content&view=article&id=2826&Itemid=108;Canon i-SENSYS MF4690PL
Canon;https://profit-msk.ru/index.php?option=com_content&view=article&id=6345&Itemid=108;Canon i-SENSYS MF4730
Canon;https://profit-msk.ru/index.php?option=com_content&view=article&id=6103&Itemid=108;Canon i-SENSYS MF4870dn
Canon;https://profit-msk.ru/index.php?option=com_content&view=article&id=974&Itemid=108;Canon i-SENSYS MF542x
Canon;https://profit-msk.ru/index.php?option=com_content&view=article&id=858&Itemid=108;Canon i-SENSYS MF543x
Canon;https://profit-msk.ru/index.php?option=com_content&view=article&id=4651&Itemid=108;Canon i-SENSYS MF6140dn
Canon;https://profit-msk.ru/index.php?option=com_content&view=article&id=4652&Itemid=108;Canon i-SENSYS MF6180dw
Canon;https://profit-msk.ru/index.php?option=com_content&view=article&id=4928&Itemid=108;Canon i-SENSYS MF6680dn
Canon;https://profit-msk.ru/index.php?option=com_content&view=article&id=5823&Itemid=108;Canon iR1018
Canon;https://profit-msk.ru/index.php?option=com_content&view=article&id=1888&Itemid=108;Canon iR1020
Canon;https://profit-msk.ru/index.php?option=com_content&view=article&id=5824&Itemid=108;Canon iR1022F
Canon;https://profit-msk.ru/index.php?option=com_content&view=article&id=5825&Itemid=108;Canon iR1022iF
Canon;https://profit-msk.ru/index.php?option=com_content&view=article&id=5826&Itemid=108;Canon iR1024A
Canon;https://profit-msk.ru/index.php?option=com_content&view=article&id=5827&Itemid=108;Canon iR1024F
Canon;https://profit-msk.ru/index.php?option=com_content&view=article&id=4660&Itemid=108;Canon iR1024iF
Canon;https://profit-msk.ru/index.php?option=com_content&view=article&id=5836&Itemid=108;Canon iR2016
Canon;https://profit-msk.ru/index.php?option=com_content&view=article&id=5837&Itemid=108;Canon iR2020
Canon;https://profit-msk.ru/index.php?option=com_content&view=article&id=2799&Itemid=108;Canon imageCLASS D420
Canon;https://profit-msk.ru/index.php?option=com_content&view=article&id=2800&Itemid=108;Canon imageCLASS D480
Canon;https://profit-msk.ru/index.php?option=com_content&view=article&id=2801&Itemid=108;Canon imageCLASS MF4122
Canon;https://profit-msk.ru/index.php?option=com_content&view=article&id=2802&Itemid=108;Canon imageCLASS MF4150
Canon;https://profit-msk.ru/index.php?option=com_content&view=article&id=2803&Itemid=108;Canon imageCLASS MF4270
Canon;https://profit-msk.ru/index.php?option=com_content&view=article&id=2805&Itemid=108;Canon imageCLASS MF4320d
Canon;https://profit-msk.ru/index.php?option=com_content&view=article&id=2804&Itemid=108;Canon imageCLASS MF4350d
Canon;https://profit-msk.ru/index.php?option=com_content&view=article&id=2806&Itemid=108;Canon imageCLASS MF4370dn
Canon;https://profit-msk.ru/index.php?option=com_content&view=article&id=2807&Itemid=108;Canon imageCLASS MF4680
Canon;https://profit-msk.ru/index.php?option=com_content&view=article&id=2808&Itemid=108;Canon imageCLASS MF4690
Canon;https://profit-msk.ru/index.php?option=com_content&view=article&id=4925&Itemid=108;Canon imageRUNNER 1133
Canon;https://profit-msk.ru/index.php?option=com_content&view=article&id=4926&Itemid=108;Canon imageRUNNER 1133A
Canon;https://profit-msk.ru/index.php?option=com_content&view=article&id=4927&Itemid=108;Canon imageRUNNER 1133iF
Canon;https://profit-msk.ru/index.php?option=com_content&view=article&id=5750&Itemid=108;Canon imageRUNNER 1435
Canon;https://profit-msk.ru/index.php?option=com_content&view=article&id=5751&Itemid=108;Canon imageRUNNER 1435i
Canon;https://profit-msk.ru/index.php?option=com_content&view=article&id=5752&Itemid=108;Canon imageRUNNER 1435iF
Canon;https://profit-msk.ru/index.php?option=com_content&view=article&id=6635&Itemid=108;Canon imageRUNNER 1730iF
Canon;https://profit-msk.ru/index.php?option=com_content&view=article&id=5783&Itemid=108;Canon imageRUNNER 2204
Canon;https://profit-msk.ru/index.php?option=com_content&view=article&id=5782&Itemid=108;Canon imageRUNNER 2204F
Canon;https://profit-msk.ru/index.php?option=com_content&view=article&id=5784&Itemid=108;Canon imageRUNNER 2204N
Canon;https://profit-msk.ru/index.php?option=com_content&view=article&id=6636&Itemid=108;Canon imageRUNNER 2535
Canon;https://profit-msk.ru/index.php?option=com_content&view=article&id=1854&Itemid=108;Canon LASER SHOT LBP-2410
Canon;https://profit-msk.ru/index.php?option=com_content&view=article&id=1893&Itemid=108;Canon i-SENSYS LBP5000
Canon;https://profit-msk.ru/index.php?option=com_content&view=article&id=6244&Itemid=108;Canon i-SENSYS LBP5050
Canon;https://profit-msk.ru/index.php?option=com_content&view=article&id=6245&Itemid=108;Canon i-SENSYS LBP5050n
Canon;https://profit-msk.ru/index.php?option=com_content&view=article&id=6075&Itemid=108;Canon i-SENSYS LBP5300
Canon;https://profit-msk.ru/index.php?option=com_content&view=article&id=6076&Itemid=108;Canon i-SENSYS LBP5360
Canon;https://profit-msk.ru/index.php?option=com_content&view=article&id=5802&Itemid=108;Canon i-SENSYS LBP611Cn
Canon;https://profit-msk.ru/index.php?option=com_content&view=article&id=5803&Itemid=108;Canon i-SENSYS LBP613Cdw
Canon;https://profit-msk.ru/index.php?option=com_content&view=article&id=6330&Itemid=108;Canon i-SENSYS LBP621Cw
Canon;https://profit-msk.ru/index.php?option=com_content&view=article&id=6331&Itemid=108;Canon i-SENSYS LBP623Cdw
Canon;https://profit-msk.ru/index.php?option=com_content&view=article&id=5748&Itemid=108;Canon i-SENSYS LBP653Cdw
Canon;https://profit-msk.ru/index.php?option=com_content&view=article&id=5749&Itemid=108;Canon i-SENSYS LBP654Cx
Canon;https://profit-msk.ru/index.php?option=com_content&view=article&id=1007&Itemid=108;Canon i-SENSYS LBP663Cdw
Canon;https://profit-msk.ru/index.php?option=com_content&view=article&id=1008&Itemid=108;Canon i-SENSYS LBP664Cx
Canon;https://profit-msk.ru/index.php?option=com_content&view=article&id=4642&Itemid=108;Canon i-SENSYS LBP7010C
Canon;https://profit-msk.ru/index.php?option=com_content&view=article&id=4643&Itemid=108;Canon i-SENSYS LBP7018C
Canon;https://profit-msk.ru/index.php?option=com_content&view=article&id=4644&Itemid=108;Canon i-SENSYS LBP7100Cn
Canon;https://profit-msk.ru/index.php?option=com_content&view=article&id=5816&Itemid=108;Canon i-SENSYS LBP710Cx
Canon;https://profit-msk.ru/index.php?option=com_content&view=article&id=4645&Itemid=108;Canon i-SENSYS LBP7110Cw
Canon;https://profit-msk.ru/index.php?option=com_content&view=article&id=5817&Itemid=108;Canon i-SENSYS LBP712Cx
Canon;https://profit-msk.ru/index.php?option=com_content&view=article&id=5878&Itemid=108;Canon i-SENSYS LBP7200Cdn
Canon;https://profit-msk.ru/index.php?option=com_content&view=article&id=4646&Itemid=108;Canon i-SENSYS LBP7210Cdn
Canon;https://profit-msk.ru/index.php?option=com_content&view=article&id=4647&Itemid=108;Canon i-SENSYS LBP7660Cdn
Canon;https://profit-msk.ru/index.php?option=com_content&view=article&id=4648&Itemid=108;Canon i-SENSYS LBP7680Cx
Canon;https://profit-msk.ru/index.php?option=com_content&view=article&id=4649&Itemid=108;Canon i-SENSYS LBP7780Cx
Canon;https://profit-msk.ru/index.php?option=com_content&view=article&id=6335&Itemid=108;Canon imageCLASS LBP612Cdw
Canon;https://profit-msk.ru/index.php?option=com_content&view=article&id=6336&Itemid=108;Canon i-SENSYS MF631Cn
Canon;https://profit-msk.ru/index.php?option=com_content&view=article&id=6337&Itemid=108;Canon i-SENSYS MF633Cdw
Canon;https://profit-msk.ru/index.php?option=com_content&view=article&id=6338&Itemid=108;Canon i-SENSYS MF635Cx
Canon;https://profit-msk.ru/index.php?option=com_content&view=article&id=6332&Itemid=108;Canon i-SENSYS MF641Cw
Canon;https://profit-msk.ru/index.php?option=com_content&view=article&id=6333&Itemid=108;Canon i-SENSYS MF643Cdw
Canon;https://profit-msk.ru/index.php?option=com_content&view=article&id=6334&Itemid=108;Canon i-SENSYS MF645Cx
Canon;https://profit-msk.ru/index.php?option=com_content&view=article&id=6250&Itemid=108;Canon i-SENSYS MF732Cdw
Canon;https://profit-msk.ru/index.php?option=com_content&view=article&id=6251&Itemid=108;Canon i-SENSYS MF734Cdw
Canon;https://profit-msk.ru/index.php?option=com_content&view=article&id=6252&Itemid=108;Canon i-SENSYS MF735Cx
Canon;https://profit-msk.ru/index.php?option=com_content&view=article&id=1009&Itemid=108;Canon i-SENSYS MF742Cdw
Canon;https://profit-msk.ru/index.php?option=com_content&view=article&id=1010&Itemid=108;Canon i-SENSYS MF744Cdw
Canon;https://profit-msk.ru/index.php?option=com_content&view=article&id=1011&Itemid=108;Canon i-SENSYS MF746Cx
Canon;https://profit-msk.ru/index.php?option=com_content&view=article&id=6246&Itemid=108;Canon i-SENSYS MF8030Cn
Canon;https://profit-msk.ru/index.php?option=com_content&view=article&id=6247&Itemid=108;Canon i-SENSYS MF8040Cn
Canon;https://profit-msk.ru/index.php?option=com_content&view=article&id=6248&Itemid=108;Canon i-SENSYS MF8050Cn
Canon;https://profit-msk.ru/index.php?option=com_content&view=article&id=6249&Itemid=108;Canon i-SENSYS MF8080Cw
Canon;https://profit-msk.ru/index.php?option=com_content&view=article&id=4653&Itemid=108;Canon i-SENSYS MF8230Cn
Canon;https://profit-msk.ru/index.php?option=com_content&view=article&id=4654&Itemid=108;Canon i-SENSYS MF8280Cw
Canon;https://profit-msk.ru/index.php?option=com_content&view=article&id=6287&Itemid=108;Canon i-SENSYS MF8330Cdn
Canon;https://profit-msk.ru/index.php?option=com_content&view=article&id=1050&Itemid=108;Canon i-SENSYS MF8340Cdn
Canon;https://profit-msk.ru/index.php?option=com_content&view=article&id=1022&Itemid=108;Canon i-SENSYS MF8360Cdn
Canon;https://profit-msk.ru/index.php?option=com_content&view=article&id=4655&Itemid=108;Canon i-SENSYS MF8540Cdn
Canon;https://profit-msk.ru/index.php?option=com_content&view=article&id=4656&Itemid=108;Canon i-SENSYS MF8550Cdn
Canon;https://profit-msk.ru/index.php?option=com_content&view=article&id=4657&Itemid=108;Canon i-SENSYS MF8580Cdw
Canon;https://profit-msk.ru/index.php?option=com_content&view=article&id=4658&Itemid=108;Canon i-SENSYS MF9220Cdn
Canon;https://profit-msk.ru/index.php?option=com_content&view=article&id=4659&Itemid=108;Canon i-SENSYS MF9280Cdn
Canon;https://profit-msk.ru/index.php?option=com_content&view=article&id=5814&Itemid=108;Canon imageRUNNER C1225
Canon;https://profit-msk.ru/index.php?option=com_content&view=article&id=5815&Itemid=108;Canon imageRUNNER C1225iF
Canon;https://profit-msk.ru/index.php?option=com_content&view=article&id=6028&Itemid=108;Canon imageRUNNER C1325iF
Canon;https://profit-msk.ru/index.php?option=com_content&view=article&id=6029&Itemid=108;Canon imageRUNNER C1335iF
