Epson;https://profit-msk.ru/index.php?option=com_content&view=article&id=4629&Itemid=165;Epson AcuLaser M1200
Epson;https://profit-msk.ru/index.php?option=com_content&view=article&id=5260&Itemid=165;Epson AcuLaser M4000N
Epson;https://profit-msk.ru/index.php?option=com_content&view=article&id=5263&Itemid=165;Epson AcuLaser M7000N
Epson;https://profit-msk.ru/index.php?option=com_content&view=article&id=5267&Itemid=165;Epson AcuLaser M8000N
Epson;https://profit-msk.ru/index.php?option=com_content&view=article&id=4935&Itemid=165;Epson EPL-6200
Epson;https://profit-msk.ru/index.php?option=com_content&view=article&id=5269&Itemid=165;Epson EPL-N2550
Epson;https://profit-msk.ru/index.php?option=com_content&view=article&id=5271&Itemid=165;Epson EPL-N3000
Epson;https://profit-msk.ru/index.php?option=com_content&view=article&id=4929&Itemid=165;Epson AcuLaser C4200DN
Epson;https://profit-msk.ru/index.php?option=com_content&view=article&id=6209&Itemid=165;Epson Expression Premium XP-510
Epson;https://profit-msk.ru/index.php?option=com_content&view=article&id=6210&Itemid=165;Epson Expression Premium XP-520
Epson;https://profit-msk.ru/index.php?option=com_content&view=article&id=6211&Itemid=165;Epson Expression Premium XP-600
Epson;https://profit-msk.ru/index.php?option=com_content&view=article&id=6212&Itemid=165;Epson Expression Premium XP-605
Epson;https://profit-msk.ru/index.php?option=com_content&view=article&id=6213&Itemid=165;Epson Expression Premium XP-610
Epson;https://profit-msk.ru/index.php?option=com_content&view=article&id=6214&Itemid=165;Epson Expression Premium XP-615
Epson;https://profit-msk.ru/index.php?option=com_content&view=article&id=6215&Itemid=165;Epson Expression Premium XP-620
Epson;https://profit-msk.ru/index.php?option=com_content&view=article&id=6216&Itemid=165;Epson Expression Premium XP-625
Epson;https://profit-msk.ru/index.php?option=com_content&view=article&id=6217&Itemid=165;Epson Expression Premium XP-700
Epson;https://profit-msk.ru/index.php?option=com_content&view=article&id=6218&Itemid=165;Epson Expression Premium XP-710
Epson;https://profit-msk.ru/index.php?option=com_content&view=article&id=6219&Itemid=165;Epson Expression Premium XP-800
Epson;https://profit-msk.ru/index.php?option=com_content&view=article&id=6220&Itemid=165;Epson Expression Premium XP-810
Epson;https://profit-msk.ru/index.php?option=com_content&view=article&id=6221&Itemid=165;Epson Expression Premium XP-820
