HP;https://profit-msk.ru/index.php?option=com_content&view=article&id=6108&Itemid=107;HP Laser 107a
HP;https://profit-msk.ru/index.php?option=com_content&view=article&id=6109&Itemid=107;HP Laser 107r
HP;https://profit-msk.ru/index.php?option=com_content&view=article&id=6110&Itemid=107;HP Laser 107w
HP;https://profit-msk.ru/index.php?option=com_content&view=article&id=980&Itemid=107;HP Laser 408dn
HP;https://profit-msk.ru/index.php?option=com_content&view=article&id=3039&Itemid=107;HP LaserJet 1000
HP;https://profit-msk.ru/index.php?option=com_content&view=article&id=1859&Itemid=107;HP LaserJet 1005
HP;https://profit-msk.ru/index.php?option=com_content&view=article&id=1711&Itemid=107;HP LaserJet 1010
HP;https://profit-msk.ru/index.php?option=com_content&view=article&id=1713&Itemid=107;HP LaserJet 1012
HP;https://profit-msk.ru/index.php?option=com_content&view=article&id=1716&Itemid=107;HP LaserJet 1015
HP;https://profit-msk.ru/index.php?option=com_content&view=article&id=1727&Itemid=107;HP LaserJet 1018 Limited Edition
HP;https://profit-msk.ru/index.php?option=com_content&view=article&id=1720&Itemid=107;HP LaserJet 1018
HP;https://profit-msk.ru/index.php?option=com_content&view=article&id=1729&Itemid=107;HP LaserJet 1020
HP;https://profit-msk.ru/index.php?option=com_content&view=article&id=5967&Itemid=107;HP LaserJet 1020 plus
HP;https://profit-msk.ru/index.php?option=com_content&view=article&id=1732&Itemid=107;HP LaserJet 1022
HP;https://profit-msk.ru/index.php?option=com_content&view=article&id=1734&Itemid=107;HP LaserJet 1022n
HP;https://profit-msk.ru/index.php?option=com_content&view=article&id=1736&Itemid=107;HP LaserJet 1022nw
HP;https://profit-msk.ru/index.php?option=com_content&view=article&id=1709&Itemid=107;HP LaserJet 1100
HP;https://profit-msk.ru/index.php?option=com_content&view=article&id=2698&Itemid=107;HP LaserJet 1150
HP;https://profit-msk.ru/index.php?option=com_content&view=article&id=1743&Itemid=107;HP LaserJet 1160
HP;https://profit-msk.ru/index.php?option=com_content&view=article&id=1744&Itemid=107;HP LaserJet 1160Le
HP;https://profit-msk.ru/index.php?option=com_content&view=article&id=1710&Itemid=107;HP LaserJet 1200
HP;https://profit-msk.ru/index.php?option=com_content&view=article&id=2967&Itemid=107;HP LaserJet 1300
HP;https://profit-msk.ru/index.php?option=com_content&view=article&id=1745&Itemid=107;HP LaserJet 1320
HP;https://profit-msk.ru/index.php?option=com_content&view=article&id=1746&Itemid=107;HP LaserJet 1320n
HP;https://profit-msk.ru/index.php?option=com_content&view=article&id=1787&Itemid=107;HP LaserJet 2100
HP;https://profit-msk.ru/index.php?option=com_content&view=article&id=1788&Itemid=107;HP LaserJet 2200dn
HP;https://profit-msk.ru/index.php?option=com_content&view=article&id=2955&Itemid=107;HP LaserJet 2300
HP;https://profit-msk.ru/index.php?option=com_content&view=article&id=2956&Itemid=107;HP LaserJet 2300L
HP;https://profit-msk.ru/index.php?option=com_content&view=article&id=1895&Itemid=107;HP LaserJet 2300dtn
HP;https://profit-msk.ru/index.php?option=com_content&view=article&id=1894&Itemid=107;HP LaserJet 2300n
HP;https://profit-msk.ru/index.php?option=com_content&view=article&id=3092&Itemid=107;HP LaserJet 2420
HP;https://profit-msk.ru/index.php?option=com_content&view=article&id=2699&Itemid=107;HP LaserJet 2420dn
HP;https://profit-msk.ru/index.php?option=com_content&view=article&id=2843&Itemid=107;HP LaserJet 2430dtn
HP;https://profit-msk.ru/index.php?option=com_content&view=article&id=3065&Itemid=107;HP LaserJet 4000N
HP;https://profit-msk.ru/index.php?option=com_content&view=article&id=2727&Itemid=107;HP LaserJet 4050N
HP;https://profit-msk.ru/index.php?option=com_content&view=article&id=2868&Itemid=107;HP LaserJet 4100
HP;https://profit-msk.ru/index.php?option=com_content&view=article&id=1819&Itemid=107;HP LaserJet 4100N
HP;https://profit-msk.ru/index.php?option=com_content&view=article&id=1821&Itemid=107;HP LaserJet 4100dtn
HP;https://profit-msk.ru/index.php?option=com_content&view=article&id=1820&Itemid=107;HP LaserJet 4100tn
HP;https://profit-msk.ru/index.php?option=com_content&view=article&id=1786&Itemid=107;HP LaserJet 4200
HP;https://profit-msk.ru/index.php?option=com_content&view=article&id=3037&Itemid=107;HP LaserJet 4240
HP;https://profit-msk.ru/index.php?option=com_content&view=article&id=1700&Itemid=107;HP LaserJet 4250
HP;https://profit-msk.ru/index.php?option=com_content&view=article&id=1714&Itemid=107;HP LaserJet 4250dtn
HP;https://profit-msk.ru/index.php?option=com_content&view=article&id=1715&Itemid=107;HP LaserJet 4250dtnsl
HP;https://profit-msk.ru/index.php?option=com_content&view=article&id=1721&Itemid=107;HP LaserJet 4250n
HP;https://profit-msk.ru/index.php?option=com_content&view=article&id=1724&Itemid=107;HP LaserJet 4250tn
HP;https://profit-msk.ru/index.php?option=com_content&view=article&id=5067&Itemid=107;HP LaserJet 4300dtn
HP;https://profit-msk.ru/index.php?option=com_content&view=article&id=1712&Itemid=107;HP LaserJet 4350
HP;https://profit-msk.ru/index.php?option=com_content&view=article&id=1728&Itemid=107;HP LaserJet 4350n
HP;https://profit-msk.ru/index.php?option=com_content&view=article&id=1766&Itemid=107;HP LaserJet 4L
HP;https://profit-msk.ru/index.php?option=com_content&view=article&id=3102&Itemid=107;HP LaserJet 4mL
HP;https://profit-msk.ru/index.php?option=com_content&view=article&id=3063&Itemid=107;HP LaserJet 5000
HP;https://profit-msk.ru/index.php?option=com_content&view=article&id=2844&Itemid=107;HP LaserJet 5100
HP;https://profit-msk.ru/index.php?option=com_content&view=article&id=1760&Itemid=107;HP LaserJet 5200
HP;https://profit-msk.ru/index.php?option=com_content&view=article&id=2950&Itemid=107;HP LaserJet 5200L
HP;https://profit-msk.ru/index.php?option=com_content&view=article&id=3103&Itemid=107;HP LaserJet 5200Lx
HP;https://profit-msk.ru/index.php?option=com_content&view=article&id=2949&Itemid=107;HP LaserJet 5200dtn
HP;https://profit-msk.ru/index.php?option=com_content&view=article&id=2951&Itemid=107;HP LaserJet 5200n
HP;https://profit-msk.ru/index.php?option=com_content&view=article&id=2952&Itemid=107;HP LaserJet 5200tn
HP;https://profit-msk.ru/index.php?option=com_content&view=article&id=1828&Itemid=107;HP LaserJet 5L
HP;https://profit-msk.ru/index.php?option=com_content&view=article&id=2726&Itemid=107;HP LaserJet 5Si
HP;https://profit-msk.ru/index.php?option=com_content&view=article&id=2770&Itemid=107;HP LaserJet 600 M601dn
HP;https://profit-msk.ru/index.php?option=com_content&view=article&id=2771&Itemid=107;HP LaserJet 600 M601n
HP;https://profit-msk.ru/index.php?option=com_content&view=article&id=3104&Itemid=107;HP LaserJet 600 M602dn
HP;https://profit-msk.ru/index.php?option=com_content&view=article&id=3105&Itemid=107;HP LaserJet 600 M602n
HP;https://profit-msk.ru/index.php?option=com_content&view=article&id=3106&Itemid=107;HP LaserJet 600 M602x
HP;https://profit-msk.ru/index.php?option=com_content&view=article&id=3107&Itemid=107;HP LaserJet 600 M603dn
HP;https://profit-msk.ru/index.php?option=com_content&view=article&id=3108&Itemid=107;HP LaserJet 600 M603n
HP;https://profit-msk.ru/index.php?option=com_content&view=article&id=3109&Itemid=107;HP LaserJet 600 M603xh
HP;https://profit-msk.ru/index.php?option=com_content&view=article&id=1829&Itemid=107;HP LaserJet 6L
HP;https://profit-msk.ru/index.php?option=com_content&view=article&id=3168&Itemid=107;HP LaserJet 700 M712dn
HP;https://profit-msk.ru/index.php?option=com_content&view=article&id=3169&Itemid=107;HP LaserJet 700 M712n
HP;https://profit-msk.ru/index.php?option=com_content&view=article&id=3110&Itemid=107;HP LaserJet 700 M712xh
HP;https://profit-msk.ru/index.php?option=com_content&view=article&id=2725&Itemid=107;HP LaserJet 8150
HP;https://profit-msk.ru/index.php?option=com_content&view=article&id=2724&Itemid=107;HP LaserJet 8150N
HP;https://profit-msk.ru/index.php?option=com_content&view=article&id=1767&Itemid=107;HP LaserJet 9000dn
HP;https://profit-msk.ru/index.php?option=com_content&view=article&id=3111&Itemid=107;HP LaserJet 9050dn
HP;https://profit-msk.ru/index.php?option=com_content&view=article&id=3112&Itemid=107;HP LaserJet 9050n
HP;https://profit-msk.ru/index.php?option=com_content&view=article&id=5482&Itemid=107;HP LaserJet Enterprise M506dn
HP;https://profit-msk.ru/index.php?option=com_content&view=article&id=5481&Itemid=107;HP LaserJet Enterprise M506n
HP;https://profit-msk.ru/index.php?option=com_content&view=article&id=5483&Itemid=107;HP LaserJet Enterprise M506x
HP;https://profit-msk.ru/index.php?option=com_content&view=article&id=6260&Itemid=107;HP LaserJet Enterprise M507dn
HP;https://profit-msk.ru/index.php?option=com_content&view=article&id=6262&Itemid=107;HP LaserJet Enterprise M507dng
HP;https://profit-msk.ru/index.php?option=com_content&view=article&id=6263&Itemid=107;HP LaserJet Enterprise M507n
HP;https://profit-msk.ru/index.php?option=com_content&view=article&id=6264&Itemid=107;HP LaserJet Enterprise M507x
HP;https://profit-msk.ru/index.php?option=com_content&view=article&id=4797&Itemid=107;HP LaserJet Enterprise M604dn
HP;https://profit-msk.ru/index.php?option=com_content&view=article&id=4798&Itemid=107;HP LaserJet Enterprise M604n
HP;https://profit-msk.ru/index.php?option=com_content&view=article&id=4799&Itemid=107;HP LaserJet Enterprise M605dn
HP;https://profit-msk.ru/index.php?option=com_content&view=article&id=4800&Itemid=107;HP LaserJet Enterprise M605n
HP;https://profit-msk.ru/index.php?option=com_content&view=article&id=4801&Itemid=107;HP LaserJet Enterprise M605x
HP;https://profit-msk.ru/index.php?option=com_content&view=article&id=4802&Itemid=107;HP LaserJet Enterprise M606dn
HP;https://profit-msk.ru/index.php?option=com_content&view=article&id=4803&Itemid=107;HP LaserJet Enterprise M606x
HP;https://profit-msk.ru/index.php?option=com_content&view=article&id=5724&Itemid=107;HP LaserJet Enterprise M607dn
HP;https://profit-msk.ru/index.php?option=com_content&view=article&id=5725&Itemid=107;HP LaserJet Enterprise M607n
HP;https://profit-msk.ru/index.php?option=com_content&view=article&id=3795&Itemid=107;HP LaserJet Enterprise M806dn
HP;https://profit-msk.ru/index.php?option=com_content&view=article&id=3796&Itemid=107;HP LaserJet Enterprise M806x+
HP;https://profit-msk.ru/index.php?option=com_content&view=article&id=2973&Itemid=107;HP LaserJet III
HP;https://profit-msk.ru/index.php?option=com_content&view=article&id=3117&Itemid=107;HP LaserJet P1005 Limited
HP;https://profit-msk.ru/index.php?option=com_content&view=article&id=2848&Itemid=107;HP LaserJet P1005
HP;https://profit-msk.ru/index.php?option=com_content&view=article&id=2849&Itemid=107;HP LaserJet P1006
HP;https://profit-msk.ru/index.php?option=com_content&view=article&id=2850&Itemid=107;HP LaserJet P1007
HP;https://profit-msk.ru/index.php?option=com_content&view=article&id=2851&Itemid=107;HP LaserJet P1008
HP;https://profit-msk.ru/index.php?option=com_content&view=article&id=1751&Itemid=107;HP LaserJet P1102
HP;https://profit-msk.ru/index.php?option=com_content&view=article&id=1752&Itemid=107;HP LaserJet P1102w
HP;https://profit-msk.ru/index.php?option=com_content&view=article&id=1747&Itemid=107;HP LaserJet P1505
HP;https://profit-msk.ru/index.php?option=com_content&view=article&id=1748&Itemid=107;HP LaserJet P1505n
HP;https://profit-msk.ru/index.php?option=com_content&view=article&id=1840&Itemid=107;HP LaserJet P1566
HP;https://profit-msk.ru/index.php?option=com_content&view=article&id=1839&Itemid=107;HP LaserJet P1606dn
HP;https://profit-msk.ru/index.php?option=com_content&view=article&id=1718&Itemid=107;HP LaserJet P2014
HP;https://profit-msk.ru/index.php?option=com_content&view=article&id=1719&Itemid=107;HP LaserJet P2014n
HP;https://profit-msk.ru/index.php?option=com_content&view=article&id=1701&Itemid=107;HP LaserJet P2015
HP;https://profit-msk.ru/index.php?option=com_content&view=article&id=3118&Itemid=107;HP LaserJet P2015d
HP;https://profit-msk.ru/index.php?option=com_content&view=article&id=1717&Itemid=107;HP LaserJet P2015dn
HP;https://profit-msk.ru/index.php?option=com_content&view=article&id=1817&Itemid=107;HP LaserJet P2015n
HP;https://profit-msk.ru/index.php?option=com_content&view=article&id=3119&Itemid=107;HP LaserJet P2015x
HP;https://profit-msk.ru/index.php?option=com_content&view=article&id=1726&Itemid=107;HP LaserJet P2035
HP;https://profit-msk.ru/index.php?option=com_content&view=article&id=1740&Itemid=107;HP LaserJet P2035n
HP;https://profit-msk.ru/index.php?option=com_content&view=article&id=2869&Itemid=107;HP LaserJet P2055
HP;https://profit-msk.ru/index.php?option=com_content&view=article&id=1741&Itemid=107;HP LaserJet P2055d
HP;https://profit-msk.ru/index.php?option=com_content&view=article&id=2862&Itemid=107;HP LaserJet P2055dn
HP;https://profit-msk.ru/index.php?option=com_content&view=article&id=2870&Itemid=107;HP LaserJet P2055x
HP;https://profit-msk.ru/index.php?option=com_content&view=article&id=1768&Itemid=107;HP LaserJet P3005
HP;https://profit-msk.ru/index.php?option=com_content&view=article&id=1769&Itemid=107;HP LaserJet P3005d
HP;https://profit-msk.ru/index.php?option=com_content&view=article&id=1770&Itemid=107;HP LaserJet P3005dn
HP;https://profit-msk.ru/index.php?option=com_content&view=article&id=1771&Itemid=107;HP LaserJet P3005n
HP;https://profit-msk.ru/index.php?option=com_content&view=article&id=1772&Itemid=107;HP LaserJet P3005x
HP;https://profit-msk.ru/index.php?option=com_content&view=article&id=1889&Itemid=107;HP LaserJet P3015
HP;https://profit-msk.ru/index.php?option=com_content&view=article&id=1890&Itemid=107;HP LaserJet P3015d
HP;https://profit-msk.ru/index.php?option=com_content&view=article&id=1891&Itemid=107;HP LaserJet P3015dn
HP;https://profit-msk.ru/index.php?option=com_content&view=article&id=1892&Itemid=107;HP LaserJet P3015x
HP;https://profit-msk.ru/index.php?option=com_content&view=article&id=1753&Itemid=107;HP LaserJet P4014
HP;https://profit-msk.ru/index.php?option=com_content&view=article&id=1755&Itemid=107;HP LaserJet P4014dn
HP;https://profit-msk.ru/index.php?option=com_content&view=article&id=1754&Itemid=107;HP LaserJet P4014n
HP;https://profit-msk.ru/index.php?option=com_content&view=article&id=3120&Itemid=107;HP LaserJet P4015dn
HP;https://profit-msk.ru/index.php?option=com_content&view=article&id=1756&Itemid=107;HP LaserJet P4015n
HP;https://profit-msk.ru/index.php?option=com_content&view=article&id=1757&Itemid=107;HP LaserJet P4015tn
HP;https://profit-msk.ru/index.php?option=com_content&view=article&id=1758&Itemid=107;HP LaserJet P4015x
HP;https://profit-msk.ru/index.php?option=com_content&view=article&id=3121&Itemid=107;HP LaserJet P4515n
HP;https://profit-msk.ru/index.php?option=com_content&view=article&id=3122&Itemid=107;HP LaserJet P4515tn
HP;https://profit-msk.ru/index.php?option=com_content&view=article&id=3123&Itemid=107;HP LaserJet P4515x
HP;https://profit-msk.ru/index.php?option=com_content&view=article&id=3124&Itemid=107;HP LaserJet P4515xm
HP;https://profit-msk.ru/index.php?option=com_content&view=article&id=2745&Itemid=107;HP LaserJet Pro 400 M401a
HP;https://profit-msk.ru/index.php?option=com_content&view=article&id=2746&Itemid=107;HP LaserJet Pro 400 M401d
HP;https://profit-msk.ru/index.php?option=com_content&view=article&id=2747&Itemid=107;HP LaserJet Pro 400 M401dn
HP;https://profit-msk.ru/index.php?option=com_content&view=article&id=3166&Itemid=107;HP LaserJet Pro 400 M401dne
HP;https://profit-msk.ru/index.php?option=com_content&view=article&id=2748&Itemid=107;HP LaserJet Pro 400 M401dw
HP;https://profit-msk.ru/index.php?option=com_content&view=article&id=3167&Itemid=107;HP LaserJet Pro 400 M401n
HP;https://profit-msk.ru/index.php?option=com_content&view=article&id=6003&Itemid=107;HP LaserJet Pro M102a
HP;https://profit-msk.ru/index.php?option=com_content&view=article&id=6004&Itemid=107;HP LaserJet Pro M102w
HP;https://profit-msk.ru/index.php?option=com_content&view=article&id=6001&Itemid=107;HP LaserJet Pro M104a
HP;https://profit-msk.ru/index.php?option=com_content&view=article&id=6002&Itemid=107;HP LaserJet Pro M104w
HP;https://profit-msk.ru/index.php?option=com_content&view=article&id=5727&Itemid=107;HP LaserJet Pro M15a
HP;https://profit-msk.ru/index.php?option=com_content&view=article&id=5728&Itemid=107;HP LaserJet Pro M15w
HP;https://profit-msk.ru/index.php?option=com_content&view=article&id=4814&Itemid=107;HP LaserJet Pro M201n
HP;https://profit-msk.ru/index.php?option=com_content&view=article&id=2867&Itemid=107;HP LaserJet Pro M203dn
HP;https://profit-msk.ru/index.php?option=com_content&view=article&id=2903&Itemid=107;HP LaserJet Pro M203dw
HP;https://profit-msk.ru/index.php?option=com_content&view=article&id=4813&Itemid=107;HP LaserJet Pro M201dw
HP;https://profit-msk.ru/index.php?option=com_content&view=article&id=6266&Itemid=107;HP LaserJet Pro M304a
HP;https://profit-msk.ru/index.php?option=com_content&view=article&id=5492&Itemid=107;HP LaserJet Pro M402d
HP;https://profit-msk.ru/index.php?option=com_content&view=article&id=5489&Itemid=107;HP LaserJet Pro M402dn
HP;https://profit-msk.ru/index.php?option=com_content&view=article&id=5493&Itemid=107;HP LaserJet Pro M402dw
HP;https://profit-msk.ru/index.php?option=com_content&view=article&id=4785&Itemid=107;HP LaserJet Pro M402n
HP;https://profit-msk.ru/index.php?option=com_content&view=article&id=6268&Itemid=107;HP LaserJet Pro M404dn
HP;https://profit-msk.ru/index.php?option=com_content&view=article&id=6269&Itemid=107;HP LaserJet Pro M404dw
HP;https://profit-msk.ru/index.php?option=com_content&view=article&id=6267&Itemid=107;HP LaserJet Pro M404n
HP;https://profit-msk.ru/index.php?option=com_content&view=article&id=5480&Itemid=107;HP LaserJet Pro M501dn
HP;https://profit-msk.ru/index.php?option=com_content&view=article&id=5479&Itemid=107;HP LaserJet Pro M501n
HP;https://profit-msk.ru/index.php?option=com_content&view=article&id=4753&Itemid=107;HP LaserJet Pro M701n
HP;https://profit-msk.ru/index.php?option=com_content&view=article&id=4754&Itemid=107;HP LaserJet Pro M706n
HP;https://profit-msk.ru/index.php?option=com_content&view=article&id=6009&Itemid=107;HP LaserJet Ultra M106w
HP;https://profit-msk.ru/index.php?option=com_content&view=article&id=6356&Itemid=107;HP LaserJet Ultra M206dn
HP;https://profit-msk.ru/index.php?option=com_content&view=article&id=6360&Itemid=107;HP Neverstop Laser 1000a
HP;https://profit-msk.ru/index.php?option=com_content&view=article&id=6361&Itemid=107;HP Neverstop Laser 1000n
HP;https://profit-msk.ru/index.php?option=com_content&view=article&id=6362&Itemid=107;HP Neverstop Laser 1000w
HP;https://profit-msk.ru/index.php?option=com_content&view=article&id=6111&Itemid=107;HP Laser MFP 135a
HP;https://profit-msk.ru/index.php?option=com_content&view=article&id=6112&Itemid=107;HP Laser MFP 135r
HP;https://profit-msk.ru/index.php?option=com_content&view=article&id=6113&Itemid=107;HP Laser MFP 135w
HP;https://profit-msk.ru/index.php?option=com_content&view=article&id=6114&Itemid=107;HP Laser MFP 137fnw
HP;https://profit-msk.ru/index.php?option=com_content&view=article&id=979&Itemid=107;HP Laser MFP 432fdn
HP;https://profit-msk.ru/index.php?option=com_content&view=article&id=2841&Itemid=107;HP LaserJet 1100A
HP;https://profit-msk.ru/index.php?option=com_content&view=article&id=3038&Itemid=107;HP LaserJet 1220
HP;https://profit-msk.ru/index.php?option=com_content&view=article&id=1763&Itemid=107;HP LaserJet 3015
HP;https://profit-msk.ru/index.php?option=com_content&view=article&id=1764&Itemid=107;HP LaserJet 3020
HP;https://profit-msk.ru/index.php?option=com_content&view=article&id=2964&Itemid=107;HP LaserJet 3030
HP;https://profit-msk.ru/index.php?option=com_content&view=article&id=1737&Itemid=107;HP LaserJet 3050
HP;https://profit-msk.ru/index.php?option=com_content&view=article&id=1738&Itemid=107;HP LaserJet 3052
HP;https://profit-msk.ru/index.php?option=com_content&view=article&id=1739&Itemid=107;HP LaserJet 3055
HP;https://profit-msk.ru/index.php?option=com_content&view=article&id=3040&Itemid=107;HP LaserJet 3100
HP;https://profit-msk.ru/index.php?option=com_content&view=article&id=1902&Itemid=107;HP LaserJet 3150
HP;https://profit-msk.ru/index.php?option=com_content&view=article&id=1723&Itemid=107;HP LaserJet 3200
HP;https://profit-msk.ru/index.php?option=com_content&view=article&id=1861&Itemid=107;HP LaserJet 3300
HP;https://profit-msk.ru/index.php?option=com_content&view=article&id=1863&Itemid=107;HP LaserJet 3330
HP;https://profit-msk.ru/index.php?option=com_content&view=article&id=2773&Itemid=107;HP LaserJet 3380
HP;https://profit-msk.ru/index.php?option=com_content&view=article&id=1765&Itemid=107;HP LaserJet 3390
HP;https://profit-msk.ru/index.php?option=com_content&view=article&id=2751&Itemid=107;HP LaserJet 3392
HP;https://profit-msk.ru/index.php?option=com_content&view=article&id=1822&Itemid=107;HP LaserJet 4100mfp
HP;https://profit-msk.ru/index.php?option=com_content&view=article&id=1823&Itemid=107;HP LaserJet 4101mfp
HP;https://profit-msk.ru/index.php?option=com_content&view=article&id=2857&Itemid=107;HP LaserJet 500 MFP M525c
HP;https://profit-msk.ru/index.php?option=com_content&view=article&id=2855&Itemid=107;HP LaserJet 500 MFP M525dn
HP;https://profit-msk.ru/index.php?option=com_content&view=article&id=2856&Itemid=107;HP LaserJet 500 MFP M525f
HP;https://profit-msk.ru/index.php?option=com_content&view=article&id=5485&Itemid=107;HP LaserJet Enterprise Flow MFP M527z
HP;https://profit-msk.ru/index.php?option=com_content&view=article&id=5484&Itemid=107;HP LaserJet Enterprise Flow MFP M527—Å
HP;https://profit-msk.ru/index.php?option=com_content&view=article&id=6256&Itemid=107;HP LaserJet Enterprise Flow MFP M528c
HP;https://profit-msk.ru/index.php?option=com_content&view=article&id=6257&Itemid=107;HP LaserJet Enterprise Flow MFP M528z
HP;https://profit-msk.ru/index.php?option=com_content&view=article&id=5191&Itemid=107;HP LaserJet Enterprise Flow MFP M630z
HP;https://profit-msk.ru/index.php?option=com_content&view=article&id=5487&Itemid=107;HP LaserJet Enterprise MFP M527dn
HP;https://profit-msk.ru/index.php?option=com_content&view=article&id=5486&Itemid=107;HP LaserJet Enterprise MFP M527f
HP;https://profit-msk.ru/index.php?option=com_content&view=article&id=6258&Itemid=107;HP LaserJet Enterprise MFP M528dn
HP;https://profit-msk.ru/index.php?option=com_content&view=article&id=6259&Itemid=107;HP LaserJet Enterprise MFP M528f
HP;https://profit-msk.ru/index.php?option=com_content&view=article&id=5192&Itemid=107;HP LaserJet Enterprise MFP M630dn
HP;https://profit-msk.ru/index.php?option=com_content&view=article&id=5193&Itemid=107;HP LaserJet Enterprise MFP M630f
HP;https://profit-msk.ru/index.php?option=com_content&view=article&id=5194&Itemid=107;HP LaserJet Enterprise MFP M630h
HP;https://profit-msk.ru/index.php?option=com_content&view=article&id=4625&Itemid=107;HP LaserJet Enterprise MFP M725dn
HP;https://profit-msk.ru/index.php?option=com_content&view=article&id=4626&Itemid=107;HP LaserJet Enterprise MFP M725f
HP;https://profit-msk.ru/index.php?option=com_content&view=article&id=4628&Itemid=107;HP LaserJet Enterprise MFP M725z
HP;https://profit-msk.ru/index.php?option=com_content&view=article&id=4627&Itemid=107;HP LaserJet Enterprise MFP M725z+
HP;https://profit-msk.ru/index.php?option=com_content&view=article&id=3797&Itemid=107;HP LaserJet Enterprise flow MFP M830z
HP;https://profit-msk.ru/index.php?option=com_content&view=article&id=1725&Itemid=107;HP LaserJet M1005 MFP
HP;https://profit-msk.ru/index.php?option=com_content&view=article&id=1730&Itemid=107;HP LaserJet M1120 MFP
HP;https://profit-msk.ru/index.php?option=com_content&view=article&id=1731&Itemid=107;HP LaserJet M1120n MFP
HP;https://profit-msk.ru/index.php?option=com_content&view=article&id=2965&Itemid=107;HP LaserJet M1132 MFP
HP;https://profit-msk.ru/index.php?option=com_content&view=article&id=1750&Itemid=107;HP LaserJet M1212nf MFP
HP;https://profit-msk.ru/index.php?option=com_content&view=article&id=1749&Itemid=107;HP LaserJet M1214nfh MFP
HP;https://profit-msk.ru/index.php?option=com_content&view=article&id=3036&Itemid=107;HP LaserJet M1217nfw MFP
HP;https://profit-msk.ru/index.php?option=com_content&view=article&id=1762&Itemid=107;HP LaserJet M1319f MFP
HP;https://profit-msk.ru/index.php?option=com_content&view=article&id=1733&Itemid=107;HP LaserJet M1522n MFP
HP;https://profit-msk.ru/index.php?option=com_content&view=article&id=1735&Itemid=107;HP LaserJet M1522nf MFP
HP;https://profit-msk.ru/index.php?option=com_content&view=article&id=1703&Itemid=107;HP LaserJet M2727nf
HP;https://profit-msk.ru/index.php?option=com_content&view=article&id=1722&Itemid=107;HP LaserJet M2727nfs
HP;https://profit-msk.ru/index.php?option=com_content&view=article&id=1773&Itemid=107;HP LaserJet M3027 MFP
HP;https://profit-msk.ru/index.php?option=com_content&view=article&id=3115&Itemid=107;HP LaserJet M3027x MFP
HP;https://profit-msk.ru/index.php?option=com_content&view=article&id=2785&Itemid=107;HP LaserJet M3035 MFP
HP;https://profit-msk.ru/index.php?option=com_content&view=article&id=3116&Itemid=107;HP LaserJet M3035xs MFP
HP;https://profit-msk.ru/index.php?option=com_content&view=article&id=2968&Itemid=107;HP LaserJet M4345 MFP
HP;https://profit-msk.ru/index.php?option=com_content&view=article&id=2943&Itemid=107;HP LaserJet M4555 MFP
HP;https://profit-msk.ru/index.php?option=com_content&view=article&id=2944&Itemid=107;HP LaserJet M4555f MFP
HP;https://profit-msk.ru/index.php?option=com_content&view=article&id=2945&Itemid=107;HP LaserJet M4555fskm MFP
HP;https://profit-msk.ru/index.php?option=com_content&view=article&id=2946&Itemid=107;HP LaserJet M4555h MFP
HP;https://profit-msk.ru/index.php?option=com_content&view=article&id=1759&Itemid=107;HP LaserJet M5025 MFP
HP;https://profit-msk.ru/index.php?option=com_content&view=article&id=1761&Itemid=107;HP LaserJet M5035 MFP
HP;https://profit-msk.ru/index.php?option=com_content&view=article&id=2958&Itemid=107;HP LaserJet M9050 MFP
HP;https://profit-msk.ru/index.php?option=com_content&view=article&id=6077&Itemid=107;HP LaserJet MFP M433a
HP;https://profit-msk.ru/index.php?option=com_content&view=article&id=5488&Itemid=107;HP LaserJet MFP M436dn
HP;https://profit-msk.ru/index.php?option=com_content&view=article&id=5490&Itemid=107;HP LaserJet MFP M436n
HP;https://profit-msk.ru/index.php?option=com_content&view=article&id=5491&Itemid=107;HP LaserJet MFP M436nda
HP;https://profit-msk.ru/index.php?option=com_content&view=article&id=2749&Itemid=107;HP LaserJet Pro 400 MFP M425dn
HP;https://profit-msk.ru/index.php?option=com_content&view=article&id=2750&Itemid=107;HP LaserJet Pro 400 MFP M425dw
HP;https://profit-msk.ru/index.php?option=com_content&view=article&id=5070&Itemid=107;HP LaserJet Pro MFP M125ra
HP;https://profit-msk.ru/index.php?option=com_content&view=article&id=5071&Itemid=107;HP LaserJet Pro MFP M125rnw
HP;https://profit-msk.ru/index.php?option=com_content&view=article&id=5118&Itemid=107;HP LaserJet Pro MFP M127fn
HP;https://profit-msk.ru/index.php?option=com_content&view=article&id=5117&Itemid=107;HP LaserJet Pro MFP M127fw
HP;https://profit-msk.ru/index.php?option=com_content&view=article&id=6005&Itemid=107;HP LaserJet Pro MFP M130a
HP;https://profit-msk.ru/index.php?option=com_content&view=article&id=6007&Itemid=107;HP LaserJet Pro MFP M130fn
HP;https://profit-msk.ru/index.php?option=com_content&view=article&id=6008&Itemid=107;HP LaserJet Pro MFP M130fw
HP;https://profit-msk.ru/index.php?option=com_content&view=article&id=6006&Itemid=107;HP LaserJet Pro MFP M130nw
HP;https://profit-msk.ru/index.php?option=com_content&view=article&id=5997&Itemid=107;HP LaserJet Pro MFP M132a
HP;https://profit-msk.ru/index.php?option=com_content&view=article&id=5999&Itemid=107;HP LaserJet Pro MFP M132fn
HP;https://profit-msk.ru/index.php?option=com_content&view=article&id=6000&Itemid=107;HP LaserJet Pro MFP M132fw
HP;https://profit-msk.ru/index.php?option=com_content&view=article&id=5998&Itemid=107;HP LaserJet Pro MFP M132nw
HP;https://profit-msk.ru/index.php?option=com_content&view=article&id=4815&Itemid=107;HP LaserJet Pro MFP M225dn
HP;https://profit-msk.ru/index.php?option=com_content&view=article&id=2902&Itemid=107;HP LaserJet Pro MFP M227fdw
HP;https://profit-msk.ru/index.php?option=com_content&view=article&id=1872&Itemid=107;HP LaserJet Pro MFP M227sdn
HP;https://profit-msk.ru/index.php?option=com_content&view=article&id=5729&Itemid=107;HP LaserJet Pro MFP M28a
HP;https://profit-msk.ru/index.php?option=com_content&view=article&id=5730&Itemid=107;HP LaserJet Pro MFP M28w
HP;https://profit-msk.ru/index.php?option=com_content&view=article&id=4786&Itemid=107;HP LaserJet Pro MFP M426dw
HP;https://profit-msk.ru/index.php?option=com_content&view=article&id=5494&Itemid=107;HP LaserJet Pro MFP M426fdn
HP;https://profit-msk.ru/index.php?option=com_content&view=article&id=5495&Itemid=107;HP LaserJet Pro MFP M426fdw
HP;https://profit-msk.ru/index.php?option=com_content&view=article&id=6271&Itemid=107;HP LaserJet Pro MFP M428dw
HP;https://profit-msk.ru/index.php?option=com_content&view=article&id=6272&Itemid=107;HP LaserJet Pro MFP M428fdn
HP;https://profit-msk.ru/index.php?option=com_content&view=article&id=6270&Itemid=107;HP LaserJet Pro MFP M428fdw
HP;https://profit-msk.ru/index.php?option=com_content&view=article&id=3596&Itemid=107;HP LaserJet Pro MFP M435nw
HP;https://profit-msk.ru/index.php?option=com_content&view=article&id=4621&Itemid=107;HP LaserJet Pro MFP M521dn
HP;https://profit-msk.ru/index.php?option=com_content&view=article&id=4622&Itemid=107;HP LaserJet Pro MFP M521dw
HP;https://profit-msk.ru/index.php?option=com_content&view=article&id=1832&Itemid=107;HP LaserJet Professional M1536dnf
HP;https://profit-msk.ru/index.php?option=com_content&view=article&id=6011&Itemid=107;HP LaserJet Ultra MFP M134a
HP;https://profit-msk.ru/index.php?option=com_content&view=article&id=6010&Itemid=107;HP LaserJet Ultra MFP M134fn
HP;https://profit-msk.ru/index.php?option=com_content&view=article&id=1413&Itemid=107;HP LaserJet Ultra MFP M230sdn
HP;https://profit-msk.ru/index.php?option=com_content&view=article&id=6363&Itemid=107;HP Neverstop Laser MFP 1200a
HP;https://profit-msk.ru/index.php?option=com_content&view=article&id=6364&Itemid=107;HP Neverstop Laser MFP 1200n
HP;https://profit-msk.ru/index.php?option=com_content&view=article&id=6365&Itemid=107;HP Neverstop Laser MFP 1200w
HP;https://profit-msk.ru/index.php?option=com_content&view=article&id=6120&Itemid=107;HP Color Laser 150a
HP;https://profit-msk.ru/index.php?option=com_content&view=article&id=6121&Itemid=107;HP Color Laser 150nw
HP;https://profit-msk.ru/index.php?option=com_content&view=article&id=1774&Itemid=107;HP Color LaserJet 1600
HP;https://profit-msk.ru/index.php?option=com_content&view=article&id=2847&Itemid=107;HP Color LaserJet 2500n
HP;https://profit-msk.ru/index.php?option=com_content&view=article&id=3331&Itemid=107;HP Color LaserJet 2550Ln
HP;https://profit-msk.ru/index.php?option=com_content&view=article&id=1775&Itemid=107;HP Color LaserJet 2600n
HP;https://profit-msk.ru/index.php?option=com_content&view=article&id=1776&Itemid=107;HP Color LaserJet 2605
HP;https://profit-msk.ru/index.php?option=com_content&view=article&id=1777&Itemid=107;HP Color LaserJet 2605dn
HP;https://profit-msk.ru/index.php?option=com_content&view=article&id=1778&Itemid=107;HP Color LaserJet 2605dtn
HP;https://profit-msk.ru/index.php?option=com_content&view=article&id=1792&Itemid=107;HP Color LaserJet 2700
HP;https://profit-msk.ru/index.php?option=com_content&view=article&id=1791&Itemid=107;HP Color LaserJet 2700n
HP;https://profit-msk.ru/index.php?option=com_content&view=article&id=1789&Itemid=107;HP Color LaserJet 3000
HP;https://profit-msk.ru/index.php?option=com_content&view=article&id=1797&Itemid=107;HP Color LaserJet 3000dn
HP;https://profit-msk.ru/index.php?option=com_content&view=article&id=1798&Itemid=107;HP Color LaserJet 3000dtn
HP;https://profit-msk.ru/index.php?option=com_content&view=article&id=1790&Itemid=107;HP Color LaserJet 3000n
HP;https://profit-msk.ru/index.php?option=com_content&view=article&id=1898&Itemid=107;HP Color LaserJet 3500
HP;https://profit-msk.ru/index.php?option=com_content&view=article&id=1899&Itemid=107;HP Color LaserJet 3550
HP;https://profit-msk.ru/index.php?option=com_content&view=article&id=1807&Itemid=107;HP Color LaserJet 3600
HP;https://profit-msk.ru/index.php?option=com_content&view=article&id=1809&Itemid=107;HP Color LaserJet 3600dn
HP;https://profit-msk.ru/index.php?option=com_content&view=article&id=1808&Itemid=107;HP Color LaserJet 3600n
HP;https://profit-msk.ru/index.php?option=com_content&view=article&id=1900&Itemid=107;HP Color LaserJet 3700
HP;https://profit-msk.ru/index.php?option=com_content&view=article&id=1901&Itemid=107;HP Color LaserJet 3700dn
HP;https://profit-msk.ru/index.php?option=com_content&view=article&id=3170&Itemid=107;HP Color LaserJet 3700dtn
HP;https://profit-msk.ru/index.php?option=com_content&view=article&id=1799&Itemid=107;HP Color LaserJet 3800
HP;https://profit-msk.ru/index.php?option=com_content&view=article&id=1844&Itemid=107;HP Color LaserJet 3800dn
HP;https://profit-msk.ru/index.php?option=com_content&view=article&id=1801&Itemid=107;HP Color LaserJet 3800dtn
HP;https://profit-msk.ru/index.php?option=com_content&view=article&id=1800&Itemid=107;HP Color LaserJet 3800n
HP;https://profit-msk.ru/index.php?option=com_content&view=article&id=1818&Itemid=107;HP Color LaserJet 4500DN
HP;https://profit-msk.ru/index.php?option=com_content&view=article&id=2969&Itemid=107;HP Color LaserJet 4550N
HP;https://profit-msk.ru/index.php?option=com_content&view=article&id=1825&Itemid=107;HP Color LaserJet 4600
HP;https://profit-msk.ru/index.php?option=com_content&view=article&id=1826&Itemid=107;HP Color LaserJet 4600dn
HP;https://profit-msk.ru/index.php?option=com_content&view=article&id=1827&Itemid=107;HP Color LaserJet 4650
HP;https://profit-msk.ru/index.php?option=com_content&view=article&id=1843&Itemid=107;HP Color LaserJet 4700
HP;https://profit-msk.ru/index.php?option=com_content&view=article&id=3095&Itemid=107;HP Color LaserJet 4700dn
HP;https://profit-msk.ru/index.php?option=com_content&view=article&id=3096&Itemid=107;HP Color LaserJet 4700dtn
HP;https://profit-msk.ru/index.php?option=com_content&view=article&id=3097&Itemid=107;HP Color LaserJet 4700n
HP;https://profit-msk.ru/index.php?option=com_content&view=article&id=2774&Itemid=107;HP Color LaserJet 5500
HP;https://profit-msk.ru/index.php?option=com_content&view=article&id=2775&Itemid=107;HP Color LaserJet 5500dn
HP;https://profit-msk.ru/index.php?option=com_content&view=article&id=2776&Itemid=107;HP Color LaserJet 5550
HP;https://profit-msk.ru/index.php?option=com_content&view=article&id=2777&Itemid=107;HP Color LaserJet 5550dtn
HP;https://profit-msk.ru/index.php?option=com_content&view=article&id=2778&Itemid=107;HP Color LaserJet 5550hdn
HP;https://profit-msk.ru/index.php?option=com_content&view=article&id=2779&Itemid=107;HP Color LaserJet 5550n
HP;https://profit-msk.ru/index.php?option=com_content&view=article&id=2752&Itemid=107;HP Color LaserJet 9500hdn
HP;https://profit-msk.ru/index.php?option=com_content&view=article&id=1882&Itemid=107;HP Color LaserJet CP1215
HP;https://profit-msk.ru/index.php?option=com_content&view=article&id=6243&Itemid=107;HP Color LaserJet CP1217
HP;https://profit-msk.ru/index.php?option=com_content&view=article&id=1883&Itemid=107;HP Color LaserJet CP1515n
HP;https://profit-msk.ru/index.php?option=com_content&view=article&id=1884&Itemid=107;HP Color LaserJet CP1518ni
HP;https://profit-msk.ru/index.php?option=com_content&view=article&id=1833&Itemid=107;HP Color LaserJet CP2025
HP;https://profit-msk.ru/index.php?option=com_content&view=article&id=3320&Itemid=107;HP Color LaserJet CP2025x
HP;https://profit-msk.ru/index.php?option=com_content&view=article&id=1802&Itemid=107;HP Color LaserJet CP3505
HP;https://profit-msk.ru/index.php?option=com_content&view=article&id=1803&Itemid=107;HP Color LaserJet CP3505dn
HP;https://profit-msk.ru/index.php?option=com_content&view=article&id=1811&Itemid=107;HP Color LaserJet CP3525
HP;https://profit-msk.ru/index.php?option=com_content&view=article&id=1813&Itemid=107;HP Color LaserJet CP3525dn
HP;https://profit-msk.ru/index.php?option=com_content&view=article&id=1812&Itemid=107;HP Color LaserJet CP3525n
HP;https://profit-msk.ru/index.php?option=com_content&view=article&id=1814&Itemid=107;HP Color LaserJet CP3525x
HP;https://profit-msk.ru/index.php?option=com_content&view=article&id=1842&Itemid=107;HP Color LaserJet CP4005dn
HP;https://profit-msk.ru/index.php?option=com_content&view=article&id=1841&Itemid=107;HP Color LaserJet CP4005n
HP;https://profit-msk.ru/index.php?option=com_content&view=article&id=3098&Itemid=107;HP Color LaserJet CP4025dn
HP;https://profit-msk.ru/index.php?option=com_content&view=article&id=1702&Itemid=107;HP Color LaserJet CP4025n
HP;https://profit-msk.ru/index.php?option=com_content&view=article&id=3099&Itemid=107;HP Color LaserJet CP4525dn
HP;https://profit-msk.ru/index.php?option=com_content&view=article&id=3100&Itemid=107;HP Color LaserJet CP4525n
HP;https://profit-msk.ru/index.php?option=com_content&view=article&id=3101&Itemid=107;HP Color LaserJet CP4525xh
HP;https://profit-msk.ru/index.php?option=com_content&view=article&id=3155&Itemid=107;HP Color LaserJet CP5225
HP;https://profit-msk.ru/index.php?option=com_content&view=article&id=3156&Itemid=107;HP Color LaserJet CP5225dn
HP;https://profit-msk.ru/index.php?option=com_content&view=article&id=3157&Itemid=107;HP Color LaserJet CP5225n
HP;https://profit-msk.ru/index.php?option=com_content&view=article&id=2953&Itemid=107;HP Color LaserJet CP5525dn
HP;https://profit-msk.ru/index.php?option=com_content&view=article&id=2723&Itemid=107;HP Color LaserJet CP5525n
HP;https://profit-msk.ru/index.php?option=com_content&view=article&id=2954&Itemid=107;HP Color LaserJet CP5525xh
HP;https://profit-msk.ru/index.php?option=com_content&view=article&id=2759&Itemid=107;HP Color LaserJet CP6015de
HP;https://profit-msk.ru/index.php?option=com_content&view=article&id=2760&Itemid=107;HP Color LaserJet CP6015dn
HP;https://profit-msk.ru/index.php?option=com_content&view=article&id=2761&Itemid=107;HP Color LaserJet CP6015n
HP;https://profit-msk.ru/index.php?option=com_content&view=article&id=2762&Itemid=107;HP Color LaserJet CP6015x
HP;https://profit-msk.ru/index.php?option=com_content&view=article&id=2763&Itemid=107;HP Color LaserJet CP6015xh
HP;https://profit-msk.ru/index.php?option=com_content&view=article&id=4758&Itemid=107;HP Color LaserJet Enterprise M552dn
HP;https://profit-msk.ru/index.php?option=com_content&view=article&id=4759&Itemid=107;HP Color LaserJet Enterprise M553dn
HP;https://profit-msk.ru/index.php?option=com_content&view=article&id=4760&Itemid=107;HP Color LaserJet Enterprise M553n
HP;https://profit-msk.ru/index.php?option=com_content&view=article&id=4761&Itemid=107;HP Color LaserJet Enterprise M553x
HP;https://profit-msk.ru/index.php?option=com_content&view=article&id=4609&Itemid=107;HP Color LaserJet Enterprise M651dn
HP;https://profit-msk.ru/index.php?option=com_content&view=article&id=4610&Itemid=107;HP Color LaserJet Enterprise M651n
HP;https://profit-msk.ru/index.php?option=com_content&view=article&id=4611&Itemid=107;HP Color LaserJet Enterprise M651xh
HP;https://profit-msk.ru/index.php?option=com_content&view=article&id=5715&Itemid=107;HP Color LaserJet Enterprise M652dn
HP;https://profit-msk.ru/index.php?option=com_content&view=article&id=5716&Itemid=107;HP Color LaserJet Enterprise M652n
HP;https://profit-msk.ru/index.php?option=com_content&view=article&id=5717&Itemid=107;HP Color LaserJet Enterprise M653dn
HP;https://profit-msk.ru/index.php?option=com_content&view=article&id=5718&Itemid=107;HP Color LaserJet Enterprise M653x
HP;https://profit-msk.ru/index.php?option=com_content&view=article&id=3778&Itemid=107;HP Color LaserJet Enterprise M750dn
HP;https://profit-msk.ru/index.php?option=com_content&view=article&id=3779&Itemid=107;HP Color LaserJet Enterprise M750n
HP;https://profit-msk.ru/index.php?option=com_content&view=article&id=3780&Itemid=107;HP Color LaserJet Enterprise M750xh
HP;https://profit-msk.ru/index.php?option=com_content&view=article&id=6203&Itemid=107;HP Color LaserJet Enterprise M751dn
HP;https://profit-msk.ru/index.php?option=com_content&view=article&id=6204&Itemid=107;HP Color LaserJet Enterprise M751n
HP;https://profit-msk.ru/index.php?option=com_content&view=article&id=3811&Itemid=107;HP Color LaserJet Enterprise M855dn
HP;https://profit-msk.ru/index.php?option=com_content&view=article&id=3812&Itemid=107;HP Color LaserJet Enterprise M855x+
HP;https://profit-msk.ru/index.php?option=com_content&view=article&id=3813&Itemid=107;HP Color LaserJet Enterprise M855xh
HP;https://profit-msk.ru/index.php?option=com_content&view=article&id=6205&Itemid=107;HP Color LaserJet Enterprise M856dn
HP;https://profit-msk.ru/index.php?option=com_content&view=article&id=6206&Itemid=107;HP Color LaserJet Enterprise M856x
HP;https://profit-msk.ru/index.php?option=com_content&view=article&id=5517&Itemid=107;HP Color LaserJet Pro M154a
HP;https://profit-msk.ru/index.php?option=com_content&view=article&id=5518&Itemid=107;HP Color LaserJet Pro M154nw
HP;https://profit-msk.ru/index.php?option=com_content&view=article&id=5090&Itemid=107;HP Color LaserJet Pro M252dw
HP;https://profit-msk.ru/index.php?option=com_content&view=article&id=5091&Itemid=107;HP Color LaserJet Pro M252n
HP;https://profit-msk.ru/index.php?option=com_content&view=article&id=5504&Itemid=107;HP Color LaserJet Pro M254dw
HP;https://profit-msk.ru/index.php?option=com_content&view=article&id=5505&Itemid=107;HP Color LaserJet Pro M254nw
HP;https://profit-msk.ru/index.php?option=com_content&view=article&id=6521&Itemid=107;HP Color LaserJet Pro M255dw
HP;https://profit-msk.ru/index.php?option=com_content&view=article&id=6522&Itemid=107;HP Color LaserJet Pro M255nw
HP;https://profit-msk.ru/index.php?option=com_content&view=article&id=4782&Itemid=107;HP Color LaserJet Pro M452dn
HP;https://profit-msk.ru/index.php?option=com_content&view=article&id=4781&Itemid=107;HP Color LaserJet Pro M452dw
HP;https://profit-msk.ru/index.php?option=com_content&view=article&id=6184&Itemid=107;HP Color LaserJet Pro M454dn
HP;https://profit-msk.ru/index.php?option=com_content&view=article&id=6185&Itemid=107;HP Color LaserJet Pro M454dw
HP;https://profit-msk.ru/index.php?option=com_content&view=article&id=6183&Itemid=107;HP Color LaserJet Pro M454nw
HP;https://profit-msk.ru/index.php?option=com_content&view=article&id=2753&Itemid=107;HP LaserJet 500 color M551dn
HP;https://profit-msk.ru/index.php?option=com_content&view=article&id=2754&Itemid=107;HP LaserJet 500 color M551n
HP;https://profit-msk.ru/index.php?option=com_content&view=article&id=2755&Itemid=107;HP LaserJet 500 color M551xh
HP;https://profit-msk.ru/index.php?option=com_content&view=article&id=2852&Itemid=107;HP LaserJet CP1025 color
HP;https://profit-msk.ru/index.php?option=com_content&view=article&id=3114&Itemid=107;HP LaserJet CP1025nw color
HP;https://profit-msk.ru/index.php?option=com_content&view=article&id=1878&Itemid=107;HP LaserJet CP1525n color
HP;https://profit-msk.ru/index.php?option=com_content&view=article&id=1879&Itemid=107;HP LaserJet CP1525nw color
HP;https://profit-msk.ru/index.php?option=com_content&view=article&id=3125&Itemid=107;HP LaserJet Pro 200 color M251n
HP;https://profit-msk.ru/index.php?option=com_content&view=article&id=3126&Itemid=107;HP LaserJet Pro 200 color M251nw
HP;https://profit-msk.ru/index.php?option=com_content&view=article&id=5119&Itemid=107;HP LaserJet Pro 300 color M351a
HP;https://profit-msk.ru/index.php?option=com_content&view=article&id=2783&Itemid=107;HP LaserJet Pro 400 color M451dn
HP;https://profit-msk.ru/index.php?option=com_content&view=article&id=2784&Itemid=107;HP LaserJet Pro 400 color M451dw
HP;https://profit-msk.ru/index.php?option=com_content&view=article&id=6122&Itemid=107;HP Color Laser MFP 178nw
HP;https://profit-msk.ru/index.php?option=com_content&view=article&id=6123&Itemid=107;HP Color Laser MFP 179fnw
HP;https://profit-msk.ru/index.php?option=com_content&view=article&id=1836&Itemid=107;HP Color LaserJet 2820
HP;https://profit-msk.ru/index.php?option=com_content&view=article&id=1837&Itemid=107;HP Color LaserJet 2840
HP;https://profit-msk.ru/index.php?option=com_content&view=article&id=2948&Itemid=107;HP Color LaserJet 4730 MFP
HP;https://profit-msk.ru/index.php?option=com_content&view=article&id=2957&Itemid=107;HP Color LaserJet 9500mfp
HP;https://profit-msk.ru/index.php?option=com_content&view=article&id=1779&Itemid=107;HP Color LaserJet CM1015 MFP
HP;https://profit-msk.ru/index.php?option=com_content&view=article&id=1780&Itemid=107;HP Color LaserJet CM1017 MFP
HP;https://profit-msk.ru/index.php?option=com_content&view=article&id=2959&Itemid=107;HP Color LaserJet CM1312 MFP
HP;https://profit-msk.ru/index.php?option=com_content&view=article&id=2960&Itemid=107;HP Color LaserJet CM1312nfi MFP
HP;https://profit-msk.ru/index.php?option=com_content&view=article&id=1834&Itemid=107;HP Color LaserJet CM2320fxi MFP
HP;https://profit-msk.ru/index.php?option=com_content&view=article&id=1835&Itemid=107;HP Color LaserJet CM2320nf MFP
HP;https://profit-msk.ru/index.php?option=com_content&view=article&id=1815&Itemid=107;HP Color LaserJet CM3530 MFP
HP;https://profit-msk.ru/index.php?option=com_content&view=article&id=1816&Itemid=107;HP Color LaserJet CM3530fs MFP
HP;https://profit-msk.ru/index.php?option=com_content&view=article&id=2940&Itemid=107;HP Color LaserJet CM4540 MFP
HP;https://profit-msk.ru/index.php?option=com_content&view=article&id=2941&Itemid=107;HP Color LaserJet CM4540f MFP
HP;https://profit-msk.ru/index.php?option=com_content&view=article&id=2942&Itemid=107;HP Color LaserJet CM4540fskm MFP
HP;https://profit-msk.ru/index.php?option=com_content&view=article&id=2947&Itemid=107;HP Color LaserJet CM4730 MFP
HP;https://profit-msk.ru/index.php?option=com_content&view=article&id=1742&Itemid=107;HP Color LaserJet CM6030 MFP
HP;https://profit-msk.ru/index.php?option=com_content&view=article&id=2873&Itemid=107;HP Color LaserJet CM6030f MFP
HP;https://profit-msk.ru/index.php?option=com_content&view=article&id=2871&Itemid=107;HP Color LaserJet CM6040 MFP
HP;https://profit-msk.ru/index.php?option=com_content&view=article&id=2872&Itemid=107;HP Color LaserJet CM6040f MFP
HP;https://profit-msk.ru/index.php?option=com_content&view=article&id=5575&Itemid=107;HP Color LaserJet Enterprise Flow MFP M577c
HP;https://profit-msk.ru/index.php?option=com_content&view=article&id=5576&Itemid=107;HP Color LaserJet Enterprise Flow MFP M577z
HP;https://profit-msk.ru/index.php?option=com_content&view=article&id=4606&Itemid=107;HP Color LaserJet Enterprise Flow MFP M680dn
HP;https://profit-msk.ru/index.php?option=com_content&view=article&id=4607&Itemid=107;HP Color LaserJet Enterprise Flow MFP M680f
HP;https://profit-msk.ru/index.php?option=com_content&view=article&id=4608&Itemid=107;HP Color LaserJet Enterprise Flow MFP M680z
HP;https://profit-msk.ru/index.php?option=com_content&view=article&id=5719&Itemid=107;HP Color LaserJet Enterprise Flow MFP M681f
HP;https://profit-msk.ru/index.php?option=com_content&view=article&id=5720&Itemid=107;HP Color LaserJet Enterprise Flow MFP M681z
HP;https://profit-msk.ru/index.php?option=com_content&view=article&id=5721&Itemid=107;HP Color LaserJet Enterprise Flow MFP M682z
HP;https://profit-msk.ru/index.php?option=com_content&view=article&id=5577&Itemid=107;HP Color LaserJet Enterprise MFP M577dn
HP;https://profit-msk.ru/index.php?option=com_content&view=article&id=5578&Itemid=107;HP Color LaserJet Enterprise MFP M577f
HP;https://profit-msk.ru/index.php?option=com_content&view=article&id=5722&Itemid=107;HP Color LaserJet Enterprise MFP M681dh
HP;https://profit-msk.ru/index.php?option=com_content&view=article&id=5723&Itemid=107;HP Color LaserJet Enterprise MFP M681f
HP;https://profit-msk.ru/index.php?option=com_content&view=article&id=5068&Itemid=107;HP Color LaserJet Pro MFP M176n
HP;https://profit-msk.ru/index.php?option=com_content&view=article&id=5069&Itemid=107;HP Color LaserJet Pro MFP M177fw
HP;https://profit-msk.ru/index.php?option=com_content&view=article&id=5519&Itemid=107;HP Color LaserJet Pro MFP M180n
HP;https://profit-msk.ru/index.php?option=com_content&view=article&id=5520&Itemid=107;HP Color LaserJet Pro MFP M180nw
HP;https://profit-msk.ru/index.php?option=com_content&view=article&id=5521&Itemid=107;HP Color LaserJet Pro MFP M181fw
HP;https://profit-msk.ru/index.php?option=com_content&view=article&id=5092&Itemid=107;HP Color LaserJet Pro MFP M274n
HP;https://profit-msk.ru/index.php?option=com_content&view=article&id=5093&Itemid=107;HP Color LaserJet Pro MFP M277dw
HP;https://profit-msk.ru/index.php?option=com_content&view=article&id=5094&Itemid=107;HP Color LaserJet Pro MFP M277n
HP;https://profit-msk.ru/index.php?option=com_content&view=article&id=5506&Itemid=107;HP Color LaserJet Pro MFP M280nw
HP;https://profit-msk.ru/index.php?option=com_content&view=article&id=5507&Itemid=107;HP Color LaserJet Pro MFP M281fdn
HP;https://profit-msk.ru/index.php?option=com_content&view=article&id=5508&Itemid=107;HP Color LaserJet Pro MFP M281fdw
HP;https://profit-msk.ru/index.php?option=com_content&view=article&id=6523&Itemid=107;HP Color LaserJet Pro MFP M282nw
HP;https://profit-msk.ru/index.php?option=com_content&view=article&id=6524&Itemid=107;HP Color LaserJet Pro MFP M283fdn
HP;https://profit-msk.ru/index.php?option=com_content&view=article&id=6525&Itemid=107;HP Color LaserJet Pro MFP M283fdw
HP;https://profit-msk.ru/index.php?option=com_content&view=article&id=5395&Itemid=107;HP Color LaserJet Pro MFP M377dw
HP;https://profit-msk.ru/index.php?option=com_content&view=article&id=4633&Itemid=107;HP Color LaserJet Pro MFP M476dn
HP;https://profit-msk.ru/index.php?option=com_content&view=article&id=4634&Itemid=107;HP Color LaserJet Pro MFP M476dw
HP;https://profit-msk.ru/index.php?option=com_content&view=article&id=4635&Itemid=107;HP Color LaserJet Pro MFP M476nw
HP;https://profit-msk.ru/index.php?option=com_content&view=article&id=4783&Itemid=107;HP Color LaserJet Pro MFP M477fdn
HP;https://profit-msk.ru/index.php?option=com_content&view=article&id=4784&Itemid=107;HP Color LaserJet Pro MFP M477fdw
HP;https://profit-msk.ru/index.php?option=com_content&view=article&id=5394&Itemid=107;HP Color LaserJet Pro MFP M477fnw
HP;https://profit-msk.ru/index.php?option=com_content&view=article&id=6186&Itemid=107;HP Color LaserJet Pro MFP M479dw
HP;https://profit-msk.ru/index.php?option=com_content&view=article&id=6187&Itemid=107;HP Color LaserJet Pro MFP M479fdn
HP;https://profit-msk.ru/index.php?option=com_content&view=article&id=6188&Itemid=107;HP Color LaserJet Pro MFP M479fdw
HP;https://profit-msk.ru/index.php?option=com_content&view=article&id=6189&Itemid=107;HP Color LaserJet Pro MFP M479fnw
HP;https://profit-msk.ru/index.php?option=com_content&view=article&id=4624&Itemid=107;HP Color LaserJet flow MFP M880z
HP;https://profit-msk.ru/index.php?option=com_content&view=article&id=4623&Itemid=107;HP Color LaserJet flow MFP M880z+
HP;https://profit-msk.ru/index.php?option=com_content&view=article&id=2853&Itemid=107;HP LaserJet 100 color MFP M175a
HP;https://profit-msk.ru/index.php?option=com_content&view=article&id=2961&Itemid=107;HP LaserJet 100 color MFP M175nw
HP;https://profit-msk.ru/index.php?option=com_content&view=article&id=2756&Itemid=107;HP LaserJet 500 color MFP M575dn
HP;https://profit-msk.ru/index.php?option=com_content&view=article&id=2757&Itemid=107;HP LaserJet 500 color MFP M575f
HP;https://profit-msk.ru/index.php?option=com_content&view=article&id=3087&Itemid=107;HP LaserJet 700 color MFP M775f
HP;https://profit-msk.ru/index.php?option=com_content&view=article&id=3088&Itemid=107;HP LaserJet 700 color MFP M775z
HP;https://profit-msk.ru/index.php?option=com_content&view=article&id=3089&Itemid=107;HP LaserJet 700 color MFP M775z+
HP;https://profit-msk.ru/index.php?option=com_content&view=article&id=2854&Itemid=107;HP LaserJet Pro 200 color MFP M275nw
HP;https://profit-msk.ru/index.php?option=com_content&view=article&id=2962&Itemid=107;HP LaserJet Pro 200 color MFP M276n
HP;https://profit-msk.ru/index.php?option=com_content&view=article&id=2963&Itemid=107;HP LaserJet Pro 200 color MFP M276nw
HP;https://profit-msk.ru/index.php?option=com_content&view=article&id=2780&Itemid=107;HP LaserJet Pro 300 color MFP M375nw
HP;https://profit-msk.ru/index.php?option=com_content&view=article&id=2781&Itemid=107;HP LaserJet Pro 400 color MFP M475dn
HP;https://profit-msk.ru/index.php?option=com_content&view=article&id=2782&Itemid=107;HP LaserJet Pro 400 color MFP M475dw
HP;https://profit-msk.ru/index.php?option=com_content&view=article&id=2758&Itemid=107;HP LaserJet Pro 500 color MFP M570dn
HP;https://profit-msk.ru/index.php?option=com_content&view=article&id=1880&Itemid=107;HP LaserJet Pro CM1415fn Color MFP
HP;https://profit-msk.ru/index.php?option=com_content&view=article&id=1881&Itemid=107;HP LaserJet Pro CM1415fnw Color MFP
HP;https://profit-msk.ru/index.php?option=com_content&view=article&id=3113&Itemid=107;HP LaserJet color flow MFP M575c
