Kyocera Mita;https://profit-msk.ru/index.php?option=com_content&view=article&id=4817&Itemid=178;Kyocera ECOSYS P2035d
Kyocera Mita;https://profit-msk.ru/index.php?option=com_content&view=article&id=5216&Itemid=178;Kyocera ECOSYS P2040dn
Kyocera Mita;https://profit-msk.ru/index.php?option=com_content&view=article&id=5217&Itemid=178;Kyocera ECOSYS P2040dw
Kyocera Mita;https://profit-msk.ru/index.php?option=com_content&view=article&id=4977&Itemid=178;Kyocera ECOSYS P2135d
Kyocera Mita;https://profit-msk.ru/index.php?option=com_content&view=article&id=4978&Itemid=178;Kyocera ECOSYS P2135dn
Kyocera Mita;https://profit-msk.ru/index.php?option=com_content&view=article&id=5208&Itemid=178;Kyocera ECOSYS P2235dn
Kyocera Mita;https://profit-msk.ru/index.php?option=com_content&view=article&id=5209&Itemid=178;Kyocera ECOSYS P2235dw
Kyocera Mita;https://profit-msk.ru/index.php?option=com_content&view=article&id=5734&Itemid=178;Kyocera ECOSYS P2335d
Kyocera Mita;https://profit-msk.ru/index.php?option=com_content&view=article&id=5735&Itemid=178;Kyocera ECOSYS P2335dn
Kyocera Mita;https://profit-msk.ru/index.php?option=com_content&view=article&id=5736&Itemid=178;Kyocera ECOSYS P2335dw
Kyocera Mita;https://profit-msk.ru/index.php?option=com_content&view=article&id=5202&Itemid=178;Kyocera ECOSYS P3045dn
Kyocera Mita;https://profit-msk.ru/index.php?option=com_content&view=article&id=5203&Itemid=178;Kyocera ECOSYS P3050dn
Kyocera Mita;https://profit-msk.ru/index.php?option=com_content&view=article&id=5204&Itemid=178;Kyocera ECOSYS P3055dn
Kyocera Mita;https://profit-msk.ru/index.php?option=com_content&view=article&id=5205&Itemid=178;Kyocera ECOSYS P3060dn
Kyocera Mita;https://profit-msk.ru/index.php?option=com_content&view=article&id=852&Itemid=178;Kyocera ECOSYS P3260dn
Kyocera Mita;https://profit-msk.ru/index.php?option=com_content&view=article&id=4982&Itemid=178;Kyocera ECOSYS P4040dn
Kyocera Mita;https://profit-msk.ru/index.php?option=com_content&view=article&id=4845&Itemid=178;Kyocera FS-1020D
Kyocera Mita;https://profit-msk.ru/index.php?option=com_content&view=article&id=4822&Itemid=178;Kyocera FS-1030D
Kyocera Mita;https://profit-msk.ru/index.php?option=com_content&view=article&id=4823&Itemid=178;Kyocera FS-1040
Kyocera Mita;https://profit-msk.ru/index.php?option=com_content&view=article&id=4842&Itemid=178;Kyocera FS-1060DN
Kyocera Mita;https://profit-msk.ru/index.php?option=com_content&view=article&id=4852&Itemid=178;Kyocera FS-1100
Kyocera Mita;https://profit-msk.ru/index.php?option=com_content&view=article&id=4839&Itemid=178;Kyocera FS-1110
Kyocera Mita;https://profit-msk.ru/index.php?option=com_content&view=article&id=4821&Itemid=178;Kyocera FS-1120D
Kyocera Mita;https://profit-msk.ru/index.php?option=com_content&view=article&id=874&Itemid=178;Kyocera FS-1200
Kyocera Mita;https://profit-msk.ru/index.php?option=com_content&view=article&id=4865&Itemid=178;Kyocera FS-1300D
Kyocera Mita;https://profit-msk.ru/index.php?option=com_content&view=article&id=4838&Itemid=178;Kyocera FS-1320D
Kyocera Mita;https://profit-msk.ru/index.php?option=com_content&view=article&id=4857&Itemid=178;Kyocera FS-1350DN
Kyocera Mita;https://profit-msk.ru/index.php?option=com_content&view=article&id=4879&Itemid=178;Kyocera FS-1370DN
Kyocera Mita;https://profit-msk.ru/index.php?option=com_content&view=article&id=1021&Itemid=178;Kyocera FS-1800
Kyocera Mita;https://profit-msk.ru/index.php?option=com_content&view=article&id=1240&Itemid=178;Kyocera FS-1900
Kyocera Mita;https://profit-msk.ru/index.php?option=com_content&view=article&id=4833&Itemid=178;Kyocera FS-1920
Kyocera Mita;https://profit-msk.ru/index.php?option=com_content&view=article&id=4889&Itemid=178;Kyocera FS-2000D
Kyocera Mita;https://profit-msk.ru/index.php?option=com_content&view=article&id=4866&Itemid=178;Kyocera FS-2020D
Kyocera Mita;https://profit-msk.ru/index.php?option=com_content&view=article&id=4854&Itemid=178;Kyocera FS-2100D
Kyocera Mita;https://profit-msk.ru/index.php?option=com_content&view=article&id=4836&Itemid=178;Kyocera FS-3820N
Kyocera Mita;https://profit-msk.ru/index.php?option=com_content&view=article&id=4837&Itemid=178;Kyocera FS-3830N
Kyocera Mita;https://profit-msk.ru/index.php?option=com_content&view=article&id=4890&Itemid=178;Kyocera FS-3900DN
Kyocera Mita;https://profit-msk.ru/index.php?option=com_content&view=article&id=4867&Itemid=178;Kyocera FS-3920DN
Kyocera Mita;https://profit-msk.ru/index.php?option=com_content&view=article&id=4891&Itemid=178;Kyocera FS-4000DN
Kyocera Mita;https://profit-msk.ru/index.php?option=com_content&view=article&id=4868&Itemid=178;Kyocera FS-4020DN
Kyocera Mita;https://profit-msk.ru/index.php?option=com_content&view=article&id=4818&Itemid=178;Kyocera FS-4100DN
Kyocera Mita;https://profit-msk.ru/index.php?option=com_content&view=article&id=4819&Itemid=178;Kyocera FS-4200DN
Kyocera Mita;https://profit-msk.ru/index.php?option=com_content&view=article&id=4820&Itemid=178;Kyocera FS-4300DN
Kyocera Mita;https://profit-msk.ru/index.php?option=com_content&view=article&id=1018&Itemid=178;Kyocera FS-6020
Kyocera Mita;https://profit-msk.ru/index.php?option=com_content&view=article&id=4855&Itemid=178;Kyocera FS-6950DN
Kyocera Mita;https://profit-msk.ru/index.php?option=com_content&view=article&id=4913&Itemid=178;Kyocera FS-6970DN
Kyocera Mita;https://profit-msk.ru/index.php?option=com_content&view=article&id=4825&Itemid=178;Kyocera FS-720
Kyocera Mita;https://profit-msk.ru/index.php?option=com_content&view=article&id=4828&Itemid=178;Kyocera FS-820
Kyocera Mita;https://profit-msk.ru/index.php?option=com_content&view=article&id=4856&Itemid=178;Kyocera FS-9130DN
Kyocera Mita;https://profit-msk.ru/index.php?option=com_content&view=article&id=4829&Itemid=178;Kyocera FS-920
Kyocera Mita;https://profit-msk.ru/index.php?option=com_content&view=article&id=5573&Itemid=178;Kyocera FS-9530DN
Kyocera Mita;https://profit-msk.ru/index.php?option=com_content&view=article&id=4920&Itemid=178;Kyocera ECOSYS M2030dn
Kyocera Mita;https://profit-msk.ru/index.php?option=com_content&view=article&id=4921&Itemid=178;Kyocera ECOSYS M2035dn
Kyocera Mita;https://profit-msk.ru/index.php?option=com_content&view=article&id=5213&Itemid=178;Kyocera ECOSYS M2040dn
Kyocera Mita;https://profit-msk.ru/index.php?option=com_content&view=article&id=5210&Itemid=178;Kyocera ECOSYS M2135dn
Kyocera Mita;https://profit-msk.ru/index.php?option=com_content&view=article&id=5737&Itemid=178;Kyocera ECOSYS M2235dn
Kyocera Mita;https://profit-msk.ru/index.php?option=com_content&view=article&id=4922&Itemid=178;Kyocera ECOSYS M2530dn
Kyocera Mita;https://profit-msk.ru/index.php?option=com_content&view=article&id=4923&Itemid=178;Kyocera ECOSYS M2535dn
Kyocera Mita;https://profit-msk.ru/index.php?option=com_content&view=article&id=5214&Itemid=178;Kyocera ECOSYS M2540dn
Kyocera Mita;https://profit-msk.ru/index.php?option=com_content&view=article&id=5211&Itemid=178;Kyocera ECOSYS M2635dn
Kyocera Mita;https://profit-msk.ru/index.php?option=com_content&view=article&id=5215&Itemid=178;Kyocera ECOSYS M2640idw
Kyocera Mita;https://profit-msk.ru/index.php?option=com_content&view=article&id=5738&Itemid=178;Kyocera ECOSYS M2735dn
Kyocera Mita;https://profit-msk.ru/index.php?option=com_content&view=article&id=5212&Itemid=178;Kyocera ECOSYS M2735dw
Kyocera Mita;https://profit-msk.ru/index.php?option=com_content&view=article&id=5739&Itemid=178;Kyocera ECOSYS M2835dw
Kyocera Mita;https://profit-msk.ru/index.php?option=com_content&view=article&id=5087&Itemid=178;Kyocera ECOSYS M3040dn
Kyocera Mita;https://profit-msk.ru/index.php?option=com_content&view=article&id=5086&Itemid=178;Kyocera ECOSYS M3040idn
Kyocera Mita;https://profit-msk.ru/index.php?option=com_content&view=article&id=3075&Itemid=178;Kyocera ECOSYS M3145dn
Kyocera Mita;https://profit-msk.ru/index.php?option=com_content&view=article&id=5868&Itemid=178;Kyocera ECOSYS M3145idn
Kyocera Mita;https://profit-msk.ru/index.php?option=com_content&view=article&id=5168&Itemid=178;Kyocera ECOSYS M3540dn
Kyocera Mita;https://profit-msk.ru/index.php?option=com_content&view=article&id=5169&Itemid=178;Kyocera ECOSYS M3540idn
Kyocera Mita;https://profit-msk.ru/index.php?option=com_content&view=article&id=5206&Itemid=178;Kyocera ECOSYS M3550idn
Kyocera Mita;https://profit-msk.ru/index.php?option=com_content&view=article&id=5207&Itemid=178;Kyocera ECOSYS M3560idn
Kyocera Mita;https://profit-msk.ru/index.php?option=com_content&view=article&id=3076&Itemid=178;Kyocera ECOSYS M3645dn
Kyocera Mita;https://profit-msk.ru/index.php?option=com_content&view=article&id=5869&Itemid=178;Kyocera ECOSYS M3645idn
Kyocera Mita;https://profit-msk.ru/index.php?option=com_content&view=article&id=5870&Itemid=178;Kyocera ECOSYS M3655idn
Kyocera Mita;https://profit-msk.ru/index.php?option=com_content&view=article&id=5871&Itemid=178;Kyocera ECOSYS M3660idn
Kyocera Mita;https://profit-msk.ru/index.php?option=com_content&view=article&id=1015&Itemid=178;Kyocera ECOSYS M3860idn
Kyocera Mita;https://profit-msk.ru/index.php?option=com_content&view=article&id=6284&Itemid=178;Kyocera ECOSYS M3860idnf
Kyocera Mita;https://profit-msk.ru/index.php?option=com_content&view=article&id=5741&Itemid=178;Kyocera ECOSYS M4125idn
Kyocera Mita;https://profit-msk.ru/index.php?option=com_content&view=article&id=5742&Itemid=178;Kyocera ECOSYS M4132idn
Kyocera Mita;https://profit-msk.ru/index.php?option=com_content&view=article&id=4831&Itemid=178;Kyocera FS-1016MFP
Kyocera Mita;https://profit-msk.ru/index.php?option=com_content&view=article&id=5157&Itemid=178;Kyocera FS-1020MFP
Kyocera Mita;https://profit-msk.ru/index.php?option=com_content&view=article&id=4840&Itemid=178;Kyocera FS-1024MFP
Kyocera Mita;https://profit-msk.ru/index.php?option=com_content&view=article&id=4843&Itemid=178;Kyocera FS-1025MFP
Kyocera Mita;https://profit-msk.ru/index.php?option=com_content&view=article&id=4858&Itemid=178;Kyocera FS-1028MFP
Kyocera Mita;https://profit-msk.ru/index.php?option=com_content&view=article&id=4887&Itemid=178;Kyocera FS-1030MFP
Kyocera Mita;https://profit-msk.ru/index.php?option=com_content&view=article&id=4918&Itemid=178;Kyocera FS-1035MFP
Kyocera Mita;https://profit-msk.ru/index.php?option=com_content&view=article&id=4832&Itemid=178;Kyocera FS-1116MFP
Kyocera Mita;https://profit-msk.ru/index.php?option=com_content&view=article&id=4846&Itemid=178;Kyocera FS-1118MFP
Kyocera Mita;https://profit-msk.ru/index.php?option=com_content&view=article&id=4847&Itemid=178;Kyocera FS-1120MFP
Kyocera Mita;https://profit-msk.ru/index.php?option=com_content&view=article&id=4841&Itemid=178;Kyocera FS-1124MFP
Kyocera Mita;https://profit-msk.ru/index.php?option=com_content&view=article&id=4844&Itemid=178;Kyocera FS-1125MFP
Kyocera Mita;https://profit-msk.ru/index.php?option=com_content&view=article&id=4869&Itemid=178;Kyocera FS-1128MFP
Kyocera Mita;https://profit-msk.ru/index.php?option=com_content&view=article&id=4888&Itemid=178;Kyocera FS-1130MFP
Kyocera Mita;https://profit-msk.ru/index.php?option=com_content&view=article&id=4919&Itemid=178;Kyocera FS-1135MFP
Kyocera Mita;https://profit-msk.ru/index.php?option=com_content&view=article&id=4882&Itemid=178;Kyocera FS-3040MFP
Kyocera Mita;https://profit-msk.ru/index.php?option=com_content&view=article&id=6283&Itemid=178;Kyocera FS-3040MFP+
Kyocera Mita;https://profit-msk.ru/index.php?option=com_content&view=article&id=4883&Itemid=178;Kyocera FS-3140MFP
Kyocera Mita;https://profit-msk.ru/index.php?option=com_content&view=article&id=5159&Itemid=178;Kyocera FS-3140MFP+
Kyocera Mita;https://profit-msk.ru/index.php?option=com_content&view=article&id=4886&Itemid=178;Kyocera FS-3540MFP
Kyocera Mita;https://profit-msk.ru/index.php?option=com_content&view=article&id=5158&Itemid=178;Kyocera FS-3640MFP
Kyocera Mita;https://profit-msk.ru/index.php?option=com_content&view=article&id=4880&Itemid=178;Kyocera FS-6025MFP
Kyocera Mita;https://profit-msk.ru/index.php?option=com_content&view=article&id=4881&Itemid=178;Kyocera FS-6025MFP
Kyocera Mita;https://profit-msk.ru/index.php?option=com_content&view=article&id=4871&Itemid=178;Kyocera FS-6030MFP
Kyocera Mita;https://profit-msk.ru/index.php?option=com_content&view=article&id=4943&Itemid=178;Kyocera FS-6525MFP
Kyocera Mita;https://profit-msk.ru/index.php?option=com_content&view=article&id=4942&Itemid=178;Kyocera FS-6530MFP
Kyocera Mita;https://profit-msk.ru/index.php?option=com_content&view=article&id=4834&Itemid=178;Kyocera KM-1650
Kyocera Mita;https://profit-msk.ru/index.php?option=com_content&view=article&id=4835&Itemid=178;Kyocera KM-2050
Kyocera Mita;https://profit-msk.ru/index.php?option=com_content&view=article&id=5560&Itemid=178;Kyocera KM-2540
Kyocera Mita;https://profit-msk.ru/index.php?option=com_content&view=article&id=5561&Itemid=178;Kyocera KM-2550
Kyocera Mita;https://profit-msk.ru/index.php?option=com_content&view=article&id=5562&Itemid=178;Kyocera KM-2560
Kyocera Mita;https://profit-msk.ru/index.php?option=com_content&view=article&id=5563&Itemid=178;Kyocera KM-3040
Kyocera Mita;https://profit-msk.ru/index.php?option=com_content&view=article&id=5279&Itemid=178;Kyocera KM-3050
Kyocera Mita;https://profit-msk.ru/index.php?option=com_content&view=article&id=5564&Itemid=178;Kyocera KM-3060
Kyocera Mita;https://profit-msk.ru/index.php?option=com_content&view=article&id=5280&Itemid=178;Kyocera KM-4050
Kyocera Mita;https://profit-msk.ru/index.php?option=com_content&view=article&id=5281&Itemid=178;Kyocera KM-5050
Kyocera Mita;https://profit-msk.ru/index.php?option=com_content&view=article&id=5556&Itemid=178;Kyocera TASKalfa 180
Kyocera Mita;https://profit-msk.ru/index.php?option=com_content&view=article&id=5138&Itemid=178;Kyocera TASKalfa 1800
Kyocera Mita;https://profit-msk.ru/index.php?option=com_content&view=article&id=5139&Itemid=178;Kyocera TASKalfa 1801
Kyocera Mita;https://profit-msk.ru/index.php?option=com_content&view=article&id=5558&Itemid=178;Kyocera TASKalfa 181
Kyocera Mita;https://profit-msk.ru/index.php?option=com_content&view=article&id=851&Itemid=178;Kyocera TASKalfa 2020
Kyocera Mita;https://profit-msk.ru/index.php?option=com_content&view=article&id=850&Itemid=178;Kyocera TASKalfa 2021
Kyocera Mita;https://profit-msk.ru/index.php?option=com_content&view=article&id=5557&Itemid=178;Kyocera TASKalfa 220
Kyocera Mita;https://profit-msk.ru/index.php?option=com_content&view=article&id=5140&Itemid=178;Kyocera TASKalfa 2200
Kyocera Mita;https://profit-msk.ru/index.php?option=com_content&view=article&id=5141&Itemid=178;Kyocera TASKalfa 2201
Kyocera Mita;https://profit-msk.ru/index.php?option=com_content&view=article&id=5559&Itemid=178;Kyocera TASKalfa 221
Kyocera Mita;https://profit-msk.ru/index.php?option=com_content&view=article&id=849&Itemid=178;Kyocera TASKalfa 2320
Kyocera Mita;https://profit-msk.ru/index.php?option=com_content&view=article&id=847&Itemid=178;Kyocera TASKalfa 2321
Kyocera Mita;https://profit-msk.ru/index.php?option=com_content&view=article&id=5565&Itemid=178;Kyocera TASKalfa 300i
Kyocera Mita;https://profit-msk.ru/index.php?option=com_content&view=article&id=5612&Itemid=178;Kyocera TASKalfa 3010i
Kyocera Mita;https://profit-msk.ru/index.php?option=com_content&view=article&id=5613&Itemid=178;Kyocera TASKalfa 3011i
Kyocera Mita;https://profit-msk.ru/index.php?option=com_content&view=article&id=6367&Itemid=178;Kyocera TASKalfa 3212i
Kyocera Mita;https://profit-msk.ru/index.php?option=com_content&view=article&id=5566&Itemid=178;Kyocera TASKalfa 3500i
Kyocera Mita;https://profit-msk.ru/index.php?option=com_content&view=article&id=5276&Itemid=178;Kyocera TASKalfa 3501i
Kyocera Mita;https://profit-msk.ru/index.php?option=com_content&view=article&id=5614&Itemid=178;Kyocera TASKalfa 3510i
Kyocera Mita;https://profit-msk.ru/index.php?option=com_content&view=article&id=5615&Itemid=178;Kyocera TASKalfa 3511i
Kyocera Mita;https://profit-msk.ru/index.php?option=com_content&view=article&id=5547&Itemid=178;Kyocera TASKalfa 4002i
Kyocera Mita;https://profit-msk.ru/index.php?option=com_content&view=article&id=6368&Itemid=178;Kyocera TASKalfa 4012i
Kyocera Mita;https://profit-msk.ru/index.php?option=com_content&view=article&id=5567&Itemid=178;Kyocera TASKalfa 420i
Kyocera Mita;https://profit-msk.ru/index.php?option=com_content&view=article&id=5569&Itemid=178;Kyocera TASKalfa 4500i
Kyocera Mita;https://profit-msk.ru/index.php?option=com_content&view=article&id=5277&Itemid=178;Kyocera TASKalfa 4501i
Kyocera Mita;https://profit-msk.ru/index.php?option=com_content&view=article&id=5548&Itemid=178;Kyocera TASKalfa 5002i
Kyocera Mita;https://profit-msk.ru/index.php?option=com_content&view=article&id=5568&Itemid=178;Kyocera TASKalfa 520i
Kyocera Mita;https://profit-msk.ru/index.php?option=com_content&view=article&id=5570&Itemid=178;Kyocera TASKalfa 5500i
Kyocera Mita;https://profit-msk.ru/index.php?option=com_content&view=article&id=5278&Itemid=178;Kyocera TASKalfa 5501i
Kyocera Mita;https://profit-msk.ru/index.php?option=com_content&view=article&id=5549&Itemid=178;Kyocera TASKalfa 6002i
Kyocera Mita;https://profit-msk.ru/index.php?option=com_content&view=article&id=5571&Itemid=178;Kyocera TASKalfa 620
Kyocera Mita;https://profit-msk.ru/index.php?option=com_content&view=article&id=6305&Itemid=178;Kyocera TASKalfa 6501i
Kyocera Mita;https://profit-msk.ru/index.php?option=com_content&view=article&id=5661&Itemid=178;Kyocera TASKalfa 7002i
Kyocera Mita;https://profit-msk.ru/index.php?option=com_content&view=article&id=854&Itemid=178;Kyocera TASKalfa 7003i
Kyocera Mita;https://profit-msk.ru/index.php?option=com_content&view=article&id=6306&Itemid=178;Kyocera TASKalfa 8001i
Kyocera Mita;https://profit-msk.ru/index.php?option=com_content&view=article&id=5662&Itemid=178;Kyocera TASKalfa 8002i
Kyocera Mita;https://profit-msk.ru/index.php?option=com_content&view=article&id=855&Itemid=178;Kyocera TASKalfa 8003i
Kyocera Mita;https://profit-msk.ru/index.php?option=com_content&view=article&id=5572&Itemid=178;Kyocera TASKalfa 820
Kyocera Mita;https://profit-msk.ru/index.php?option=com_content&view=article&id=5290&Itemid=178;Kyocera ECOSYS P5021cdn
Kyocera Mita;https://profit-msk.ru/index.php?option=com_content&view=article&id=5291&Itemid=178;Kyocera ECOSYS P5021cdw
Kyocera Mita;https://profit-msk.ru/index.php?option=com_content&view=article&id=5298&Itemid=178;Kyocera ECOSYS P5026cdn
Kyocera Mita;https://profit-msk.ru/index.php?option=com_content&view=article&id=5299&Itemid=178;Kyocera ECOSYS P5026cdw
Kyocera Mita;https://profit-msk.ru/index.php?option=com_content&view=article&id=4850&Itemid=178;Kyocera ECOSYS P6021cdn
Kyocera Mita;https://profit-msk.ru/index.php?option=com_content&view=article&id=5305&Itemid=178;Kyocera ECOSYS P6026cdn
Kyocera Mita;https://profit-msk.ru/index.php?option=com_content&view=article&id=4853&Itemid=178;Kyocera ECOSYS P6030cdn
Kyocera Mita;https://profit-msk.ru/index.php?option=com_content&view=article&id=5102&Itemid=178;Kyocera ECOSYS P6035cdn
Kyocera Mita;https://profit-msk.ru/index.php?option=com_content&view=article&id=5105&Itemid=178;Kyocera ECOSYS P6130cdn
Kyocera Mita;https://profit-msk.ru/index.php?option=com_content&view=article&id=5852&Itemid=178;Kyocera ECOSYS P6230cdn
Kyocera Mita;https://profit-msk.ru/index.php?option=com_content&view=article&id=5859&Itemid=178;Kyocera ECOSYS P6235cdn
Kyocera Mita;https://profit-msk.ru/index.php?option=com_content&view=article&id=4912&Itemid=178;Kyocera ECOSYS P7035cdn
Kyocera Mita;https://profit-msk.ru/index.php?option=com_content&view=article&id=5108&Itemid=178;Kyocera ECOSYS P7040cdn
Kyocera Mita;https://profit-msk.ru/index.php?option=com_content&view=article&id=5866&Itemid=178;Kyocera ECOSYS P7240cdn
Kyocera Mita;https://profit-msk.ru/index.php?option=com_content&view=article&id=5320&Itemid=178;Kyocera ECOSYS P8060cdn
Kyocera Mita;https://profit-msk.ru/index.php?option=com_content&view=article&id=4860&Itemid=178;Kyocera FS-C5015N
Kyocera Mita;https://profit-msk.ru/index.php?option=com_content&view=article&id=1016&Itemid=178;Kyocera FS-C5016N
Kyocera Mita;https://profit-msk.ru/index.php?option=com_content&view=article&id=5626&Itemid=178;Kyocera FS-C5020N
Kyocera Mita;https://profit-msk.ru/index.php?option=com_content&view=article&id=5628&Itemid=178;Kyocera FS-C5025N
Kyocera Mita;https://profit-msk.ru/index.php?option=com_content&view=article&id=5627&Itemid=178;Kyocera FS-C5030N
Kyocera Mita;https://profit-msk.ru/index.php?option=com_content&view=article&id=4861&Itemid=178;Kyocera FS-C5100DN
Kyocera Mita;https://profit-msk.ru/index.php?option=com_content&view=article&id=4874&Itemid=178;Kyocera FS-C5150DN
Kyocera Mita;https://profit-msk.ru/index.php?option=com_content&view=article&id=4862&Itemid=178;Kyocera FS-C5200DN
Kyocera Mita;https://profit-msk.ru/index.php?option=com_content&view=article&id=4875&Itemid=178;Kyocera FS-C5250DN
Kyocera Mita;https://profit-msk.ru/index.php?option=com_content&view=article&id=4863&Itemid=178;Kyocera FS-C5300DN
Kyocera Mita;https://profit-msk.ru/index.php?option=com_content&view=article&id=4872&Itemid=178;Kyocera FS-C5350DN
Kyocera Mita;https://profit-msk.ru/index.php?option=com_content&view=article&id=4859&Itemid=178;Kyocera FS-C5400DN
Kyocera Mita;https://profit-msk.ru/index.php?option=com_content&view=article&id=4864&Itemid=178;Kyocera FS-C8100DN
Kyocera Mita;https://profit-msk.ru/index.php?option=com_content&view=article&id=4873&Itemid=178;Kyocera FS-C8500DN
Kyocera Mita;https://profit-msk.ru/index.php?option=com_content&view=article&id=5164&Itemid=178;Kyocera FS-C8600DN
Kyocera Mita;https://profit-msk.ru/index.php?option=com_content&view=article&id=5165&Itemid=178;Kyocera FS-C8650DN
Kyocera Mita;https://profit-msk.ru/index.php?option=com_content&view=article&id=5292&Itemid=178;Kyocera ECOSYS M5521cdn
Kyocera Mita;https://profit-msk.ru/index.php?option=com_content&view=article&id=5293&Itemid=178;Kyocera ECOSYS M5521cdw
Kyocera Mita;https://profit-msk.ru/index.php?option=com_content&view=article&id=5300&Itemid=178;Kyocera ECOSYS M5526cdn
Kyocera Mita;https://profit-msk.ru/index.php?option=com_content&view=article&id=5301&Itemid=178;Kyocera ECOSYS M5526cdw
Kyocera Mita;https://profit-msk.ru/index.php?option=com_content&view=article&id=5303&Itemid=178;Kyocera ECOSYS M6026cdn
Kyocera Mita;https://profit-msk.ru/index.php?option=com_content&view=article&id=5106&Itemid=178;Kyocera ECOSYS M6030cdn
Kyocera Mita;https://profit-msk.ru/index.php?option=com_content&view=article&id=5103&Itemid=178;Kyocera ECOSYS M6035cidn
Kyocera Mita;https://profit-msk.ru/index.php?option=com_content&view=article&id=5853&Itemid=178;Kyocera ECOSYS M6230cidn
Kyocera Mita;https://profit-msk.ru/index.php?option=com_content&view=article&id=5860&Itemid=178;Kyocera ECOSYS M6235cidn
Kyocera Mita;https://profit-msk.ru/index.php?option=com_content&view=article&id=5304&Itemid=178;Kyocera ECOSYS M6526cdn
Kyocera Mita;https://profit-msk.ru/index.php?option=com_content&view=article&id=5107&Itemid=178;Kyocera ECOSYS M6530cdn
Kyocera Mita;https://profit-msk.ru/index.php?option=com_content&view=article&id=5104&Itemid=178;Kyocera ECOSYS M6535cidn
Kyocera Mita;https://profit-msk.ru/index.php?option=com_content&view=article&id=5854&Itemid=178;Kyocera ECOSYS M6630cidn
Kyocera Mita;https://profit-msk.ru/index.php?option=com_content&view=article&id=5861&Itemid=178;Kyocera ECOSYS M6635cidn
Kyocera Mita;https://profit-msk.ru/index.php?option=com_content&view=article&id=6101&Itemid=178;Kyocera ECOSYS M8124cidn
Kyocera Mita;https://profit-msk.ru/index.php?option=com_content&view=article&id=6102&Itemid=178;Kyocera ECOSYS M8130cidn
Kyocera Mita;https://profit-msk.ru/index.php?option=com_content&view=article&id=6285&Itemid=178;Kyocera FS-C1020MFP
Kyocera Mita;https://profit-msk.ru/index.php?option=com_content&view=article&id=4876&Itemid=178;Kyocera FS-C2026MFP
Kyocera Mita;https://profit-msk.ru/index.php?option=com_content&view=article&id=6286&Itemid=178;Kyocera FS-C2026MFP+
Kyocera Mita;https://profit-msk.ru/index.php?option=com_content&view=article&id=4877&Itemid=178;Kyocera FS-C2126MFP
Kyocera Mita;https://profit-msk.ru/index.php?option=com_content&view=article&id=4884&Itemid=178;Kyocera FS-C2526MFP
Kyocera Mita;https://profit-msk.ru/index.php?option=com_content&view=article&id=4885&Itemid=178;Kyocera FS-C2626MFP
Kyocera Mita;https://profit-msk.ru/index.php?option=com_content&view=article&id=4878&Itemid=178;Kyocera FS-C8020MFP
Kyocera Mita;https://profit-msk.ru/index.php?option=com_content&view=article&id=4870&Itemid=178;Kyocera FS-C8025MFP
Kyocera Mita;https://profit-msk.ru/index.php?option=com_content&view=article&id=5166&Itemid=178;Kyocera FS-C8520MFP
Kyocera Mita;https://profit-msk.ru/index.php?option=com_content&view=article&id=5167&Itemid=178;Kyocera FS-C8525MFP
Kyocera Mita;https://profit-msk.ru/index.php?option=com_content&view=article&id=5550&Itemid=178;Kyocera TASKalfa 2550ci
Kyocera Mita;https://profit-msk.ru/index.php?option=com_content&view=article&id=5153&Itemid=178;Kyocera TASKalfa 2551ci
Kyocera Mita;https://profit-msk.ru/index.php?option=com_content&view=article&id=5325&Itemid=178;Kyocera TASKalfa 2552ci
Kyocera Mita;https://profit-msk.ru/index.php?option=com_content&view=article&id=5949&Itemid=178;Kyocera TASKalfa 3050ci
Kyocera Mita;https://profit-msk.ru/index.php?option=com_content&view=article&id=5950&Itemid=178;Kyocera TASKalfa 3051ci
Kyocera Mita;https://profit-msk.ru/index.php?option=com_content&view=article&id=5223&Itemid=178;Kyocera TASKalfa 306ci
Kyocera Mita;https://profit-msk.ru/index.php?option=com_content&view=article&id=5330&Itemid=178;Kyocera TASKalfa 3252ci
Kyocera Mita;https://profit-msk.ru/index.php?option=com_content&view=article&id=5154&Itemid=178;Kyocera TASKalfa 3550ci
Kyocera Mita;https://profit-msk.ru/index.php?option=com_content&view=article&id=5222&Itemid=178;Kyocera TASKalfa 356ci
Kyocera Mita;https://profit-msk.ru/index.php?option=com_content&view=article&id=860&Itemid=178;Kyocera TASKalfa 358ci
Kyocera Mita;https://profit-msk.ru/index.php?option=com_content&view=article&id=5335&Itemid=178;Kyocera TASKalfa 4052ci
Kyocera Mita;https://profit-msk.ru/index.php?option=com_content&view=article&id=5228&Itemid=178;Kyocera TASKalfa 406ci
Kyocera Mita;https://profit-msk.ru/index.php?option=com_content&view=article&id=5155&Itemid=178;Kyocera TASKalfa 4550ci
Kyocera Mita;https://profit-msk.ru/index.php?option=com_content&view=article&id=5340&Itemid=178;Kyocera TASKalfa 5052ci
Kyocera Mita;https://profit-msk.ru/index.php?option=com_content&view=article&id=5156&Itemid=178;Kyocera TASKalfa 5550ci
Kyocera Mita;https://profit-msk.ru/index.php?option=com_content&view=article&id=5764&Itemid=178;Kyocera TASKalfa 5551ci
Kyocera Mita;https://profit-msk.ru/index.php?option=com_content&view=article&id=5341&Itemid=178;Kyocera TASKalfa 6052ci
Kyocera Mita;https://profit-msk.ru/index.php?option=com_content&view=article&id=5650&Itemid=178;Kyocera TASKalfa 6550ci
Kyocera Mita;https://profit-msk.ru/index.php?option=com_content&view=article&id=5651&Itemid=178;Kyocera TASKalfa 6551ci
Kyocera Mita;https://profit-msk.ru/index.php?option=com_content&view=article&id=5659&Itemid=178;Kyocera TASKalfa 7052ci
Kyocera Mita;https://profit-msk.ru/index.php?option=com_content&view=article&id=5649&Itemid=178;Kyocera TASKalfa 7550ci
Kyocera Mita;https://profit-msk.ru/index.php?option=com_content&view=article&id=5652&Itemid=178;Kyocera TASKalfa 7551ci
Kyocera Mita;https://profit-msk.ru/index.php?option=com_content&view=article&id=5660&Itemid=178;Kyocera TASKalfa 8052ci
Kyocera Mita;https://profit-msk.ru/index.php?option=com_content&view=article&id=4824&Itemid=178;Kyocera KM-1500
Kyocera Mita;https://profit-msk.ru/index.php?option=com_content&view=article&id=5555&Itemid=178;Kyocera KM-1620
Kyocera Mita;https://profit-msk.ru/index.php?option=com_content&view=article&id=4826&Itemid=178;Kyocera KM-1635
Kyocera Mita;https://profit-msk.ru/index.php?option=com_content&view=article&id=4827&Itemid=178;Kyocera KM-2035
Kyocera Mita;https://profit-msk.ru/index.php?option=com_content&view=article&id=5248&Itemid=178;Kyocera KM-6030
Kyocera Mita;https://profit-msk.ru/index.php?option=com_content&view=article&id=5249&Itemid=178;Kyocera KM-8030
