Lexmark;https://profit-msk.ru/index.php?option=com_content&view=article&id=5669&Itemid=181;Lexmark E120
Lexmark;https://profit-msk.ru/index.php?option=com_content&view=article&id=5670&Itemid=181;Lexmark E120n
Lexmark;https://profit-msk.ru/index.php?option=com_content&view=article&id=5666&Itemid=181;Lexmark E220
Lexmark;https://profit-msk.ru/index.php?option=com_content&view=article&id=5664&Itemid=181;Lexmark E320
Lexmark;https://profit-msk.ru/index.php?option=com_content&view=article&id=5667&Itemid=181;Lexmark E321
Lexmark;https://profit-msk.ru/index.php?option=com_content&view=article&id=5665&Itemid=181;Lexmark E322
Lexmark;https://profit-msk.ru/index.php?option=com_content&view=article&id=5668&Itemid=181;Lexmark E323
Lexmark;https://profit-msk.ru/index.php?option=com_content&view=article&id=5680&Itemid=181;Lexmark E360d
Lexmark;https://profit-msk.ru/index.php?option=com_content&view=article&id=5681&Itemid=181;Lexmark E360dn
Lexmark;https://profit-msk.ru/index.php?option=com_content&view=article&id=5682&Itemid=181;Lexmark E460dn
Lexmark;https://profit-msk.ru/index.php?option=com_content&view=article&id=5683&Itemid=181;Lexmark E460dw
Lexmark;https://profit-msk.ru/index.php?option=com_content&view=article&id=5684&Itemid=181;Lexmark E462dtn
Lexmark;https://profit-msk.ru/index.php?option=com_content&view=article&id=6351&Itemid=181;Lexmark MS510dn
Lexmark;https://profit-msk.ru/index.php?option=com_content&view=article&id=6352&Itemid=181;Lexmark MS610de
Lexmark;https://profit-msk.ru/index.php?option=com_content&view=article&id=6353&Itemid=181;Lexmark MS610dn
Lexmark;https://profit-msk.ru/index.php?option=com_content&view=article&id=6354&Itemid=181;Lexmark MS610dte
Lexmark;https://profit-msk.ru/index.php?option=com_content&view=article&id=5678&Itemid=181;Lexmark X203n
Lexmark;https://profit-msk.ru/index.php?option=com_content&view=article&id=5679&Itemid=181;Lexmark X204n
Lexmark;https://profit-msk.ru/index.php?option=com_content&view=article&id=846&Itemid=181;Lexmark X215
Lexmark;https://profit-msk.ru/index.php?option=com_content&view=article&id=5671&Itemid=181;Lexmark X264dn
Lexmark;https://profit-msk.ru/index.php?option=com_content&view=article&id=5674&Itemid=181;Lexmark X340
Lexmark;https://profit-msk.ru/index.php?option=com_content&view=article&id=5675&Itemid=181;Lexmark X340n
Lexmark;https://profit-msk.ru/index.php?option=com_content&view=article&id=5676&Itemid=181;Lexmark X342n
Lexmark;https://profit-msk.ru/index.php?option=com_content&view=article&id=5685&Itemid=181;Lexmark X364dn
Lexmark;https://profit-msk.ru/index.php?option=com_content&view=article&id=5686&Itemid=181;Lexmark X364dw
Lexmark;https://profit-msk.ru/index.php?option=com_content&view=article&id=5677&Itemid=181;Lexmark X422
Lexmark;https://profit-msk.ru/index.php?option=com_content&view=article&id=5687&Itemid=181;Lexmark X464de
