OKI;https://profit-msk.ru/index.php?option=com_content&view=article&id=5972&Itemid=150;OKI B401d
OKI;https://profit-msk.ru/index.php?option=com_content&view=article&id=5973&Itemid=150;OKI B401dn
OKI;https://profit-msk.ru/index.php?option=com_content&view=article&id=5968&Itemid=150;OKI B411d
OKI;https://profit-msk.ru/index.php?option=com_content&view=article&id=5976&Itemid=150;OKI B411dn
OKI;https://profit-msk.ru/index.php?option=com_content&view=article&id=5977&Itemid=150;OKI B412dn
OKI;https://profit-msk.ru/index.php?option=com_content&view=article&id=5978&Itemid=150;OKI B431d
OKI;https://profit-msk.ru/index.php?option=com_content&view=article&id=5979&Itemid=150;OKI B431dn
OKI;https://profit-msk.ru/index.php?option=com_content&view=article&id=5980&Itemid=150;OKI B432dn
OKI;https://profit-msk.ru/index.php?option=com_content&view=article&id=5981&Itemid=150;OKI B512dn
OKI;https://profit-msk.ru/index.php?option=com_content&view=article&id=4171&Itemid=150;OKI B6200
OKI;https://profit-msk.ru/index.php?option=com_content&view=article&id=4172&Itemid=150;OKI B6250
OKI;https://profit-msk.ru/index.php?option=com_content&view=article&id=4170&Itemid=150;OKI B6300
OKI;https://profit-msk.ru/index.php?option=com_content&view=article&id=5275&Itemid=150;OKI B6500
OKI;https://profit-msk.ru/index.php?option=com_content&view=article&id=5272&Itemid=150;OKI B710n
OKI;https://profit-msk.ru/index.php?option=com_content&view=article&id=5273&Itemid=150;OKI B720n
OKI;https://profit-msk.ru/index.php?option=com_content&view=article&id=5274&Itemid=150;OKI B730n
OKI;https://profit-msk.ru/index.php?option=com_content&view=article&id=3878&Itemid=150;OKI B930n
OKI;https://profit-msk.ru/index.php?option=com_content&view=article&id=5974&Itemid=150;OKI MB441dn
OKI;https://profit-msk.ru/index.php?option=com_content&view=article&id=5975&Itemid=150;OKI MB451dn
OKI;https://profit-msk.ru/index.php?option=com_content&view=article&id=5982&Itemid=150;OKI MB461dn
OKI;https://profit-msk.ru/index.php?option=com_content&view=article&id=5983&Itemid=150;OKI MB471dn
OKI;https://profit-msk.ru/index.php?option=com_content&view=article&id=5986&Itemid=150;OKI MB472dnw
OKI;https://profit-msk.ru/index.php?option=com_content&view=article&id=5985&Itemid=150;OKI MB491dn
OKI;https://profit-msk.ru/index.php?option=com_content&view=article&id=5987&Itemid=150;OKI MB492dn
OKI;https://profit-msk.ru/index.php?option=com_content&view=article&id=5988&Itemid=150;OKI MB562dnw
OKI;https://profit-msk.ru/index.php?option=com_content&view=article&id=3874&Itemid=150;OKI C110
OKI;https://profit-msk.ru/index.php?option=com_content&view=article&id=3875&Itemid=150;OKI C130n
OKI;https://profit-msk.ru/index.php?option=com_content&view=article&id=5994&Itemid=150;OKI C301dn
OKI;https://profit-msk.ru/index.php?option=com_content&view=article&id=3868&Itemid=150;OKI C3100
OKI;https://profit-msk.ru/index.php?option=com_content&view=article&id=5995&Itemid=150;OKI C321dn
OKI;https://profit-msk.ru/index.php?option=com_content&view=article&id=3867&Itemid=150;OKI C3300n
OKI;https://profit-msk.ru/index.php?option=com_content&view=article&id=3866&Itemid=150;OKI C3400n
OKI;https://profit-msk.ru/index.php?option=com_content&view=article&id=3869&Itemid=150;OKI C3450n
OKI;https://profit-msk.ru/index.php?option=com_content&view=article&id=3870&Itemid=150;OKI C3600n
OKI;https://profit-msk.ru/index.php?option=com_content&view=article&id=3864&Itemid=150;OKI C5100n
OKI;https://profit-msk.ru/index.php?option=com_content&view=article&id=3871&Itemid=150;OKI C5200n
OKI;https://profit-msk.ru/index.php?option=com_content&view=article&id=4910&Itemid=150;OKI C531dn
OKI;https://profit-msk.ru/index.php?option=com_content&view=article&id=3879&Itemid=150;OKI C5600n
OKI;https://profit-msk.ru/index.php?option=com_content&view=article&id=3899&Itemid=150;OKI C5650n
OKI;https://profit-msk.ru/index.php?option=com_content&view=article&id=3880&Itemid=150;OKI C5700n
OKI;https://profit-msk.ru/index.php?option=com_content&view=article&id=3885&Itemid=150;OKI C5800n
OKI;https://profit-msk.ru/index.php?option=com_content&view=article&id=3892&Itemid=150;OKI C5850n
OKI;https://profit-msk.ru/index.php?option=com_content&view=article&id=3886&Itemid=150;OKI C5900n
OKI;https://profit-msk.ru/index.php?option=com_content&view=article&id=3893&Itemid=150;OKI C5950n
OKI;https://profit-msk.ru/index.php?option=com_content&view=article&id=3893&Itemid=150;OKI C5950n
OKI;https://profit-msk.ru/index.php?option=com_content&view=article&id=3877&Itemid=150;OKI C610n
OKI;https://profit-msk.ru/index.php?option=com_content&view=article&id=5906&Itemid=150;OKI C911dn
OKI;https://profit-msk.ru/index.php?option=com_content&view=article&id=5907&Itemid=150;OKI C931dn
OKI;https://profit-msk.ru/index.php?option=com_content&view=article&id=3913&Itemid=150;OKI ES9431
OKI;https://profit-msk.ru/index.php?option=com_content&view=article&id=3914&Itemid=150;OKI ES9541
OKI;https://profit-msk.ru/index.php?option=com_content&view=article&id=5917&Itemid=150;OKI Pro 9431dn
OKI;https://profit-msk.ru/index.php?option=com_content&view=article&id=5918&Itemid=150;OKI Pro 9541dn
OKI;https://profit-msk.ru/index.php?option=com_content&view=article&id=5919&Itemid=150;OKI Pro 9542dn
OKI;https://profit-msk.ru/index.php?option=com_content&view=article&id=3887&Itemid=150;OKI C5550 MFP
OKI;https://profit-msk.ru/index.php?option=com_content&view=article&id=3876&Itemid=150;OKI MC160n
OKI;https://profit-msk.ru/index.php?option=com_content&view=article&id=3894&Itemid=150;OKI MC560n
