Ricoh;https://profit-msk.ru/index.php?option=com_content&view=article&id=6069&Itemid=184;Ricoh Aficio SP 300DN
Ricoh;https://profit-msk.ru/index.php?option=com_content&view=article&id=6089&Itemid=184;Ricoh Aficio SP 311DN
Ricoh;https://profit-msk.ru/index.php?option=com_content&view=article&id=5938&Itemid=184;Ricoh Aficio SP 325DNw
Ricoh;https://profit-msk.ru/index.php?option=com_content&view=article&id=6068&Itemid=184;Ricoh Aficio SP 3400N
Ricoh;https://profit-msk.ru/index.php?option=com_content&view=article&id=6070&Itemid=184;Ricoh Aficio SP 3410DN
Ricoh;https://profit-msk.ru/index.php?option=com_content&view=article&id=6071&Itemid=184;Ricoh Aficio SP 3500N
Ricoh;https://profit-msk.ru/index.php?option=com_content&view=article&id=6072&Itemid=184;Ricoh Aficio SP 3510DN
Ricoh;https://profit-msk.ru/index.php?option=com_content&view=article&id=5937&Itemid=184;Ricoh SP 277NwX
Ricoh;https://profit-msk.ru/index.php?option=com_content&view=article&id=1051&Itemid=184;Ricoh SP 330DN
Ricoh;https://profit-msk.ru/index.php?option=com_content&view=article&id=1054&Itemid=184;Ricoh SP 3710DN
Ricoh;https://profit-msk.ru/index.php?option=com_content&view=article&id=5941&Itemid=184;Ricoh SP 5300DN
Ricoh;https://profit-msk.ru/index.php?option=com_content&view=article&id=5942&Itemid=184;Ricoh SP 5310DN
Ricoh;https://profit-msk.ru/index.php?option=com_content&view=article&id=5947&Itemid=184;Ricoh SP 6430DN
Ricoh;https://profit-msk.ru/index.php?option=com_content&view=article&id=5936&Itemid=184;Ricoh SP 8400DN
Ricoh;https://profit-msk.ru/index.php?option=com_content&view=article&id=5879&Itemid=184;Ricoh Aficio FX200
Ricoh;https://profit-msk.ru/index.php?option=com_content&view=article&id=6350&Itemid=184;Ricoh Aficio MP2014AD
Ricoh;https://profit-msk.ru/index.php?option=com_content&view=article&id=5881&Itemid=184;Ricoh Aficio SP 3200SF
Ricoh;https://profit-msk.ru/index.php?option=com_content&view=article&id=5943&Itemid=184;Ricoh MP 501SPF
Ricoh;https://profit-msk.ru/index.php?option=com_content&view=article&id=5944&Itemid=184;Ricoh MP 601SPF
Ricoh;https://profit-msk.ru/index.php?option=com_content&view=article&id=5882&Itemid=184;Ricoh SP 150SU
Ricoh;https://profit-msk.ru/index.php?option=com_content&view=article&id=5883&Itemid=184;Ricoh SP 150SUw
Ricoh;https://profit-msk.ru/index.php?option=com_content&view=article&id=6596&Itemid=184;Ricoh SP 330SFN
Ricoh;https://profit-msk.ru/index.php?option=com_content&view=article&id=1052&Itemid=184;Ricoh SP 330SN
Ricoh;https://profit-msk.ru/index.php?option=com_content&view=article&id=1053&Itemid=184;Ricoh SP 3710SF
Ricoh;https://profit-msk.ru/index.php?option=com_content&view=article&id=6100&Itemid=184;Ricoh Aficio SP C250DN
Ricoh;https://profit-msk.ru/index.php?option=com_content&view=article&id=6099&Itemid=184;Ricoh Aficio SP C250SF
