Samsung;https://profit-msk.ru/index.php?option=com_content&view=article&id=1856&Itemid=109;Samsung ML-1210
Samsung;https://profit-msk.ru/index.php?option=com_content&view=article&id=3127&Itemid=109;Samsung ML-1250
Samsung;https://profit-msk.ru/index.php?option=com_content&view=article&id=3128&Itemid=109;Samsung ML-1410
Samsung;https://profit-msk.ru/index.php?option=com_content&view=article&id=4117&Itemid=109;Samsung ML-1430
Samsung;https://profit-msk.ru/index.php?option=com_content&view=article&id=2845&Itemid=109;Samsung ML-1510
Samsung;https://profit-msk.ru/index.php?option=com_content&view=article&id=2863&Itemid=109;Samsung ML-1520
Samsung;https://profit-msk.ru/index.php?option=com_content&view=article&id=2864&Itemid=109;Samsung ML-1610
Samsung;https://profit-msk.ru/index.php?option=com_content&view=article&id=2865&Itemid=109;Samsung ML-1615
Samsung;https://profit-msk.ru/index.php?option=com_content&view=article&id=2793&Itemid=109;Samsung ML-1630
Samsung;https://profit-msk.ru/index.php?option=com_content&view=article&id=2794&Itemid=109;Samsung ML-1630W
Samsung;https://profit-msk.ru/index.php?option=com_content&view=article&id=2912&Itemid=109;Samsung ML-1640
Samsung;https://profit-msk.ru/index.php?option=com_content&view=article&id=2913&Itemid=109;Samsung ML-1641
Samsung;https://profit-msk.ru/index.php?option=com_content&view=article&id=2914&Itemid=109;Samsung ML-1645
Samsung;https://profit-msk.ru/index.php?option=com_content&view=article&id=1862&Itemid=109;Samsung ML-1660
Samsung;https://profit-msk.ru/index.php?option=com_content&view=article&id=3134&Itemid=109;Samsung ML-1661
Samsung;https://profit-msk.ru/index.php?option=com_content&view=article&id=3132&Itemid=109;Samsung ML-1665
Samsung;https://profit-msk.ru/index.php?option=com_content&view=article&id=3133&Itemid=109;Samsung ML-1666
Samsung;https://profit-msk.ru/index.php?option=com_content&view=article&id=3135&Itemid=109;Samsung ML-1670
Samsung;https://profit-msk.ru/index.php?option=com_content&view=article&id=3136&Itemid=109;Samsung ML-1671
Samsung;https://profit-msk.ru/index.php?option=com_content&view=article&id=3137&Itemid=109;Samsung ML-1673
Samsung;https://profit-msk.ru/index.php?option=com_content&view=article&id=3138&Itemid=109;Samsung ML-1674
Samsung;https://profit-msk.ru/index.php?option=com_content&view=article&id=3139&Itemid=109;Samsung ML-1675
Samsung;https://profit-msk.ru/index.php?option=com_content&view=article&id=3140&Itemid=109;Samsung ML-1676
Samsung;https://profit-msk.ru/index.php?option=com_content&view=article&id=3141&Itemid=109;Samsung ML-1677
Samsung;https://profit-msk.ru/index.php?option=com_content&view=article&id=3142&Itemid=109;Samsung ML-1678
Samsung;https://profit-msk.ru/index.php?option=com_content&view=article&id=2846&Itemid=109;Samsung ML-1710
Samsung;https://profit-msk.ru/index.php?option=com_content&view=article&id=3129&Itemid=109;Samsung ML-1710P
Samsung;https://profit-msk.ru/index.php?option=com_content&view=article&id=3130&Itemid=109;Samsung ML-1740
Samsung;https://profit-msk.ru/index.php?option=com_content&view=article&id=3131&Itemid=109;Samsung ML-1750
Samsung;https://profit-msk.ru/index.php?option=com_content&view=article&id=3143&Itemid=109;Samsung ML-1860
Samsung;https://profit-msk.ru/index.php?option=com_content&view=article&id=3144&Itemid=109;Samsung ML-1865
Samsung;https://profit-msk.ru/index.php?option=com_content&view=article&id=3145&Itemid=109;Samsung ML-1865K
Samsung;https://profit-msk.ru/index.php?option=com_content&view=article&id=3146&Itemid=109;Samsung ML-1865W
Samsung;https://profit-msk.ru/index.php?option=com_content&view=article&id=3147&Itemid=109;Samsung ML-1865WK
Samsung;https://profit-msk.ru/index.php?option=com_content&view=article&id=3148&Itemid=109;Samsung ML-1866
Samsung;https://profit-msk.ru/index.php?option=com_content&view=article&id=3149&Itemid=109;Samsung ML-1867
Samsung;https://profit-msk.ru/index.php?option=com_content&view=article&id=3175&Itemid=109;Samsung ML-1910
Samsung;https://profit-msk.ru/index.php?option=com_content&view=article&id=3176&Itemid=109;Samsung ML-1915
Samsung;https://profit-msk.ru/index.php?option=com_content&view=article&id=2832&Itemid=109;Samsung ML-2010
Samsung;https://profit-msk.ru/index.php?option=com_content&view=article&id=6643&Itemid=109;Samsung ML-2015
Samsung;https://profit-msk.ru/index.php?option=com_content&view=article&id=3553&Itemid=109;Samsung ML-2151N
Samsung;https://profit-msk.ru/index.php?option=com_content&view=article&id=3177&Itemid=109;Samsung ML-2160
Samsung;https://profit-msk.ru/index.php?option=com_content&view=article&id=3178&Itemid=109;Samsung ML-2162
Samsung;https://profit-msk.ru/index.php?option=com_content&view=article&id=3173&Itemid=109;Samsung ML-2164
Samsung;https://profit-msk.ru/index.php?option=com_content&view=article&id=3179&Itemid=109;Samsung ML-2165
Samsung;https://profit-msk.ru/index.php?option=com_content&view=article&id=3180&Itemid=109;Samsung ML-2165W
Samsung;https://profit-msk.ru/index.php?option=com_content&view=article&id=3181&Itemid=109;Samsung ML-2168
Samsung;https://profit-msk.ru/index.php?option=com_content&view=article&id=3182&Itemid=109;Samsung ML-2168W
Samsung;https://profit-msk.ru/index.php?option=com_content&view=article&id=2915&Itemid=109;Samsung ML-2240
Samsung;https://profit-msk.ru/index.php?option=com_content&view=article&id=2916&Itemid=109;Samsung ML-2241
Samsung;https://profit-msk.ru/index.php?option=com_content&view=article&id=2918&Itemid=109;Samsung ML-2250
Samsung;https://profit-msk.ru/index.php?option=com_content&view=article&id=6273&Itemid=109;Samsung ML-2251N
Samsung;https://profit-msk.ru/index.php?option=com_content&view=article&id=6274&Itemid=109;Samsung ML-2252W
Samsung;https://profit-msk.ru/index.php?option=com_content&view=article&id=2833&Itemid=109;Samsung ML-2510
Samsung;https://profit-msk.ru/index.php?option=com_content&view=article&id=3550&Itemid=109;Samsung ML-2525
Samsung;https://profit-msk.ru/index.php?option=com_content&view=article&id=3551&Itemid=109;Samsung ML-2525W
Samsung;https://profit-msk.ru/index.php?option=com_content&view=article&id=3554&Itemid=109;Samsung ML-2540
Samsung;https://profit-msk.ru/index.php?option=com_content&view=article&id=3555&Itemid=109;Samsung ML-2550
Samsung;https://profit-msk.ru/index.php?option=com_content&view=article&id=2834&Itemid=109;Samsung ML-2571N
Samsung;https://profit-msk.ru/index.php?option=com_content&view=article&id=3552&Itemid=109;Samsung ML-2580N
Samsung;https://profit-msk.ru/index.php?option=com_content&view=article&id=3184&Itemid=109;Samsung ML-2850D
Samsung;https://profit-msk.ru/index.php?option=com_content&view=article&id=1864&Itemid=109;Samsung ML-2851ND
Samsung;https://profit-msk.ru/index.php?option=com_content&view=article&id=2931&Itemid=109;Samsung ML-2855ND
Samsung;https://profit-msk.ru/index.php?option=com_content&view=article&id=2909&Itemid=109;Samsung ML-2950ND
Samsung;https://profit-msk.ru/index.php?option=com_content&view=article&id=2910&Itemid=109;Samsung ML-2955DW
Samsung;https://profit-msk.ru/index.php?option=com_content&view=article&id=2926&Itemid=109;Samsung ML-3050
Samsung;https://profit-msk.ru/index.php?option=com_content&view=article&id=2927&Itemid=109;Samsung ML-3051N
Samsung;https://profit-msk.ru/index.php?option=com_content&view=article&id=2928&Itemid=109;Samsung ML-3051ND
Samsung;https://profit-msk.ru/index.php?option=com_content&view=article&id=1865&Itemid=109;Samsung ML-3310D
Samsung;https://profit-msk.ru/index.php?option=com_content&view=article&id=1869&Itemid=109;Samsung ML-3310ND
Samsung;https://profit-msk.ru/index.php?option=com_content&view=article&id=3041&Itemid=109;Samsung ML-3470D
Samsung;https://profit-msk.ru/index.php?option=com_content&view=article&id=3042&Itemid=109;Samsung ML-3471ND
Samsung;https://profit-msk.ru/index.php?option=com_content&view=article&id=4083&Itemid=109;Samsung ML-3561N
Samsung;https://profit-msk.ru/index.php?option=com_content&view=article&id=1866&Itemid=109;Samsung ML-3710D
Samsung;https://profit-msk.ru/index.php?option=com_content&view=article&id=1867&Itemid=109;Samsung ML-3710ND
Samsung;https://profit-msk.ru/index.php?option=com_content&view=article&id=1868&Itemid=109;Samsung ML-3712ND
Samsung;https://profit-msk.ru/index.php?option=com_content&view=article&id=3966&Itemid=109;Samsung ML-3750ND
Samsung;https://profit-msk.ru/index.php?option=com_content&view=article&id=4081&Itemid=109;Samsung ML-4050N
Samsung;https://profit-msk.ru/index.php?option=com_content&view=article&id=3183&Itemid=109;Samsung ML-4500
Samsung;https://profit-msk.ru/index.php?option=com_content&view=article&id=5022&Itemid=109;Samsung ML-4510ND
Samsung;https://profit-msk.ru/index.php?option=com_content&view=article&id=5023&Itemid=109;Samsung ML-4512ND
Samsung;https://profit-msk.ru/index.php?option=com_content&view=article&id=4082&Itemid=109;Samsung ML-4551NDR
Samsung;https://profit-msk.ru/index.php?option=com_content&view=article&id=5648&Itemid=109;Samsung ML-4600
Samsung;https://profit-msk.ru/index.php?option=com_content&view=article&id=4911&Itemid=109;Samsung ML-5010ND
Samsung;https://profit-msk.ru/index.php?option=com_content&view=article&id=5025&Itemid=109;Samsung ML-5012ND
Samsung;https://profit-msk.ru/index.php?option=com_content&view=article&id=5024&Itemid=109;Samsung ML-5015ND
Samsung;https://profit-msk.ru/index.php?option=com_content&view=article&id=5026&Itemid=109;Samsung ML-5017ND
Samsung;https://profit-msk.ru/index.php?option=com_content&view=article&id=5027&Itemid=109;Samsung ML-5510ND
Samsung;https://profit-msk.ru/index.php?option=com_content&view=article&id=5028&Itemid=109;Samsung ML-5512ND
Samsung;https://profit-msk.ru/index.php?option=com_content&view=article&id=5170&Itemid=109;Samsung ML-6510ND
Samsung;https://profit-msk.ru/index.php?option=com_content&view=article&id=5076&Itemid=109;Samsung ProXpress M3320ND
Samsung;https://profit-msk.ru/index.php?option=com_content&view=article&id=6105&Itemid=109;Samsung ProXpress M3820DW
Samsung;https://profit-msk.ru/index.php?option=com_content&view=article&id=6104&Itemid=109;Samsung ProXpress M3820ND
Samsung;https://profit-msk.ru/index.php?option=com_content&view=article&id=5616&Itemid=109;Samsung ProXpress M4020ND
Samsung;https://profit-msk.ru/index.php?option=com_content&view=article&id=5013&Itemid=109;Samsung ProXpress M4030ND
Samsung;https://profit-msk.ru/index.php?option=com_content&view=article&id=5020&Itemid=109;Samsung ProXpress M4530ND
Samsung;https://profit-msk.ru/index.php?option=com_content&view=article&id=5021&Itemid=109;Samsung ProXpress M4530NX
Samsung;https://profit-msk.ru/index.php?option=com_content&view=article&id=5240&Itemid=109;Samsung Xpress M2020
Samsung;https://profit-msk.ru/index.php?option=com_content&view=article&id=5241&Itemid=109;Samsung Xpress M2020W
Samsung;https://profit-msk.ru/index.php?option=com_content&view=article&id=5077&Itemid=109;Samsung Xpress M2022
Samsung;https://profit-msk.ru/index.php?option=com_content&view=article&id=5078&Itemid=109;Samsung Xpress M2022W
Samsung;https://profit-msk.ru/index.php?option=com_content&view=article&id=5074&Itemid=109;Samsung Xpress M2620D
Samsung;https://profit-msk.ru/index.php?option=com_content&view=article&id=5242&Itemid=109;Samsung Xpress M2625
Samsung;https://profit-msk.ru/index.php?option=com_content&view=article&id=5243&Itemid=109;Samsung Xpress M2625D
Samsung;https://profit-msk.ru/index.php?option=com_content&view=article&id=5820&Itemid=109;Samsung Xpress M2820ND
Samsung;https://profit-msk.ru/index.php?option=com_content&view=article&id=5245&Itemid=109;Samsung Xpress M2825DW
Samsung;https://profit-msk.ru/index.php?option=com_content&view=article&id=5246&Itemid=109;Samsung Xpress M2825ND
Samsung;https://profit-msk.ru/index.php?option=com_content&view=article&id=5821&Itemid=109;Samsung Xpress M2830DW
Samsung;https://profit-msk.ru/index.php?option=com_content&view=article&id=5247&Itemid=109;Samsung Xpress M2835DW
Samsung;https://profit-msk.ru/index.php?option=com_content&view=article&id=5017&Itemid=109;Samsung Xpress M3015DW
Samsung;https://profit-msk.ru/index.php?option=com_content&view=article&id=5382&Itemid=109;Samsung MultiXpress K2200
Samsung;https://profit-msk.ru/index.php?option=com_content&view=article&id=5383&Itemid=109;Samsung MultiXpress K2200ND
Samsung;https://profit-msk.ru/index.php?option=com_content&view=article&id=5388&Itemid=109;Samsung MultiXpress K3250NR
Samsung;https://profit-msk.ru/index.php?option=com_content&view=article&id=5389&Itemid=109;Samsung MultiXpress K3300NR
Samsung;https://profit-msk.ru/index.php?option=com_content&view=article&id=3019&Itemid=109;Samsung MultiXpress SCX-8030ND
Samsung;https://profit-msk.ru/index.php?option=com_content&view=article&id=3020&Itemid=109;Samsung MultiXpress SCX-8040ND
Samsung;https://profit-msk.ru/index.php?option=com_content&view=article&id=5384&Itemid=109;Samsung MultiXpress SCX-8123NA
Samsung;https://profit-msk.ru/index.php?option=com_content&view=article&id=5385&Itemid=109;Samsung MultiXpress SCX-8123ND
Samsung;https://profit-msk.ru/index.php?option=com_content&view=article&id=5386&Itemid=109;Samsung MultiXpress SCX-8128NA
Samsung;https://profit-msk.ru/index.php?option=com_content&view=article&id=5387&Itemid=109;Samsung MultiXpress SCX-8128ND
Samsung;https://profit-msk.ru/index.php?option=com_content&view=article&id=5187&Itemid=109;Samsung MultiXpress SCX-8230NA
Samsung;https://profit-msk.ru/index.php?option=com_content&view=article&id=5188&Itemid=109;Samsung MultiXpress SCX-8240NA
Samsung;https://profit-msk.ru/index.php?option=com_content&view=article&id=5231&Itemid=109;Samsung ProXpress M3370FD
Samsung;https://profit-msk.ru/index.php?option=com_content&view=article&id=5229&Itemid=109;Samsung ProXpress M3870FD
Samsung;https://profit-msk.ru/index.php?option=com_content&view=article&id=5230&Itemid=109;Samsung ProXpress M3870FW
Samsung;https://profit-msk.ru/index.php?option=com_content&view=article&id=5075&Itemid=109;Samsung ProXpress M4070FR
Samsung;https://profit-msk.ru/index.php?option=com_content&view=article&id=5014&Itemid=109;Samsung ProXpress M4080FX
Samsung;https://profit-msk.ru/index.php?option=com_content&view=article&id=5019&Itemid=109;Samsung ProXpress M4583FX
Samsung;https://profit-msk.ru/index.php?option=com_content&view=article&id=1873&Itemid=109;Samsung SCX-3200
Samsung;https://profit-msk.ru/index.php?option=com_content&view=article&id=3150&Itemid=109;Samsung SCX-3201
Samsung;https://profit-msk.ru/index.php?option=com_content&view=article&id=3151&Itemid=109;Samsung SCX-3205
Samsung;https://profit-msk.ru/index.php?option=com_content&view=article&id=3152&Itemid=109;Samsung SCX-3205W
Samsung;https://profit-msk.ru/index.php?option=com_content&view=article&id=3153&Itemid=109;Samsung SCX-3206W
Samsung;https://profit-msk.ru/index.php?option=com_content&view=article&id=3154&Itemid=109;Samsung SCX-3207
Samsung;https://profit-msk.ru/index.php?option=com_content&view=article&id=3798&Itemid=109;Samsung SCX-3400
Samsung;https://profit-msk.ru/index.php?option=com_content&view=article&id=3799&Itemid=109;Samsung SCX-3400F
Samsung;https://profit-msk.ru/index.php?option=com_content&view=article&id=3800&Itemid=109;Samsung SCX-3405
Samsung;https://profit-msk.ru/index.php?option=com_content&view=article&id=3801&Itemid=109;Samsung SCX-3405F
Samsung;https://profit-msk.ru/index.php?option=com_content&view=article&id=3802&Itemid=109;Samsung SCX-3405FW
Samsung;https://profit-msk.ru/index.php?option=com_content&view=article&id=5365&Itemid=109;Samsung SCX-3405W
Samsung;https://profit-msk.ru/index.php?option=com_content&view=article&id=1693&Itemid=109;Samsung SCX-4016
Samsung;https://profit-msk.ru/index.php?option=com_content&view=article&id=2792&Itemid=109;Samsung SCX-4100
Samsung;https://profit-msk.ru/index.php?option=com_content&view=article&id=1860&Itemid=109;Samsung SCX-4200
Samsung;https://profit-msk.ru/index.php?option=com_content&view=article&id=6642&Itemid=109;Samsung SCX-4216F
Samsung;https://profit-msk.ru/index.php?option=com_content&view=article&id=2924&Itemid=109;Samsung SCX-4220
Samsung;https://profit-msk.ru/index.php?option=com_content&view=article&id=2791&Itemid=109;Samsung SCX-4300
Samsung;https://profit-msk.ru/index.php?option=com_content&view=article&id=3856&Itemid=109;Samsung SCX-4321
Samsung;https://profit-msk.ru/index.php?option=com_content&view=article&id=2795&Itemid=109;Samsung SCX-4500
Samsung;https://profit-msk.ru/index.php?option=com_content&view=article&id=2796&Itemid=109;Samsung SCX-4500W
Samsung;https://profit-msk.ru/index.php?option=com_content&view=article&id=2920&Itemid=109;Samsung SCX-4520
Samsung;https://profit-msk.ru/index.php?option=com_content&view=article&id=3857&Itemid=109;Samsung SCX-4521F
Samsung;https://profit-msk.ru/index.php?option=com_content&view=article&id=3918&Itemid=109;Samsung SCX-4600
Samsung;https://profit-msk.ru/index.php?option=com_content&view=article&id=3919&Itemid=109;Samsung SCX-4623F
Samsung;https://profit-msk.ru/index.php?option=com_content&view=article&id=3920&Itemid=109;Samsung SCX-4623FH
Samsung;https://profit-msk.ru/index.php?option=com_content&view=article&id=3921&Itemid=109;Samsung SCX-4623FN
Samsung;https://profit-msk.ru/index.php?option=com_content&view=article&id=5185&Itemid=109;Samsung SCX-4650N
Samsung;https://profit-msk.ru/index.php?option=com_content&view=article&id=5085&Itemid=109;Samsung SCX-4655FN
Samsung;https://profit-msk.ru/index.php?option=com_content&view=article&id=2921&Itemid=109;Samsung SCX-4720F
Samsung;https://profit-msk.ru/index.php?option=com_content&view=article&id=2922&Itemid=109;Samsung SCX-4720FN
Samsung;https://profit-msk.ru/index.php?option=com_content&view=article&id=2906&Itemid=109;Samsung SCX-4725FN
Samsung;https://profit-msk.ru/index.php?option=com_content&view=article&id=5398&Itemid=109;Samsung SCX-4727FD
Samsung;https://profit-msk.ru/index.php?option=com_content&view=article&id=5399&Itemid=109;Samsung SCX-4728FD
Samsung;https://profit-msk.ru/index.php?option=com_content&view=article&id=5400&Itemid=109;Samsung SCX-4729FD
Samsung;https://profit-msk.ru/index.php?option=com_content&view=article&id=5401&Itemid=109;Samsung SCX-4729FW
Samsung;https://profit-msk.ru/index.php?option=com_content&view=article&id=2932&Itemid=109;Samsung SCX-4824FN
Samsung;https://profit-msk.ru/index.php?option=com_content&view=article&id=2933&Itemid=109;Samsung SCX-4825FN
Samsung;https://profit-msk.ru/index.php?option=com_content&view=article&id=2934&Itemid=109;Samsung SCX-4826FN
Samsung;https://profit-msk.ru/index.php?option=com_content&view=article&id=2935&Itemid=109;Samsung SCX-4828FN
Samsung;https://profit-msk.ru/index.php?option=com_content&view=article&id=1870&Itemid=109;Samsung SCX-4833FD
Samsung;https://profit-msk.ru/index.php?option=com_content&view=article&id=1871&Itemid=109;Samsung SCX-4833FR
Samsung;https://profit-msk.ru/index.php?option=com_content&view=article&id=4092&Itemid=109;Samsung SCX-5530FN
Samsung;https://profit-msk.ru/index.php?option=com_content&view=article&id=2938&Itemid=109;Samsung SCX-5635FN
Samsung;https://profit-msk.ru/index.php?option=com_content&view=article&id=3860&Itemid=109;Samsung SCX-5637FR
Samsung;https://profit-msk.ru/index.php?option=com_content&view=article&id=3861&Itemid=109;Samsung SCX-5639FR
Samsung;https://profit-msk.ru/index.php?option=com_content&view=article&id=3862&Itemid=109;Samsung SCX-5737FW
Samsung;https://profit-msk.ru/index.php?option=com_content&view=article&id=3863&Itemid=109;Samsung SCX-5739FW
Samsung;https://profit-msk.ru/index.php?option=com_content&view=article&id=2939&Itemid=109;Samsung SCX-5835FN
Samsung;https://profit-msk.ru/index.php?option=com_content&view=article&id=5381&Itemid=109;Samsung SCX-5935FN
Samsung;https://profit-msk.ru/index.php?option=com_content&view=article&id=5619&Itemid=109;Samsung SF-760P
Samsung;https://profit-msk.ru/index.php?option=com_content&view=article&id=5079&Itemid=109;Samsung Xpress M2070F
Samsung;https://profit-msk.ru/index.php?option=com_content&view=article&id=5080&Itemid=109;Samsung Xpress M2070FW
Samsung;https://profit-msk.ru/index.php?option=com_content&view=article&id=5081&Itemid=109;Samsung Xpress M2070W
Samsung;https://profit-msk.ru/index.php?option=com_content&view=article&id=5244&Itemid=109;Samsung Xpress M2675FN
Samsung;https://profit-msk.ru/index.php?option=com_content&view=article&id=5174&Itemid=109;Samsung Xpress M2870FD
Samsung;https://profit-msk.ru/index.php?option=com_content&view=article&id=5402&Itemid=109;Samsung Xpress M2875FD
Samsung;https://profit-msk.ru/index.php?option=com_content&view=article&id=5403&Itemid=109;Samsung Xpress M2875FW
Samsung;https://profit-msk.ru/index.php?option=com_content&view=article&id=5404&Itemid=109;Samsung Xpress M2875ND
Samsung;https://profit-msk.ru/index.php?option=com_content&view=article&id=5405&Itemid=109;Samsung Xpress M2880FW
Samsung;https://profit-msk.ru/index.php?option=com_content&view=article&id=5406&Itemid=109;Samsung Xpress M2885FW
Samsung;https://profit-msk.ru/index.php?option=com_content&view=article&id=5018&Itemid=109;Samsung Xpress M3065FW
Samsung;https://profit-msk.ru/index.php?option=com_content&view=article&id=5822&Itemid=109;Samsung CLP-300
Samsung;https://profit-msk.ru/index.php?option=com_content&view=article&id=3761&Itemid=109;Samsung CLP-300N
Samsung;https://profit-msk.ru/index.php?option=com_content&view=article&id=3766&Itemid=109;Samsung CLP-310
Samsung;https://profit-msk.ru/index.php?option=com_content&view=article&id=3767&Itemid=109;Samsung CLP-310N
Samsung;https://profit-msk.ru/index.php?option=com_content&view=article&id=3768&Itemid=109;Samsung CLP-315
Samsung;https://profit-msk.ru/index.php?option=com_content&view=article&id=3769&Itemid=109;Samsung CLP-315W
Samsung;https://profit-msk.ru/index.php?option=com_content&view=article&id=3803&Itemid=109;Samsung CLP-320
Samsung;https://profit-msk.ru/index.php?option=com_content&view=article&id=3804&Itemid=109;Samsung CLP-320N
Samsung;https://profit-msk.ru/index.php?option=com_content&view=article&id=3805&Itemid=109;Samsung CLP-325
Samsung;https://profit-msk.ru/index.php?option=com_content&view=article&id=3806&Itemid=109;Samsung CLP-325W
Samsung;https://profit-msk.ru/index.php?option=com_content&view=article&id=3556&Itemid=109;Samsung CLP-350N
Samsung;https://profit-msk.ru/index.php?option=com_content&view=article&id=3021&Itemid=109;Samsung CLP-360
Samsung;https://profit-msk.ru/index.php?option=com_content&view=article&id=3022&Itemid=109;Samsung CLP-365
Samsung;https://profit-msk.ru/index.php?option=com_content&view=article&id=3023&Itemid=109;Samsung CLP-365W
Samsung;https://profit-msk.ru/index.php?option=com_content&view=article&id=3029&Itemid=109;Samsung CLP-415N
Samsung;https://profit-msk.ru/index.php?option=com_content&view=article&id=3030&Itemid=109;Samsung CLP-415NW
Samsung;https://profit-msk.ru/index.php?option=com_content&view=article&id=3808&Itemid=109;Samsung CLP-500
Samsung;https://profit-msk.ru/index.php?option=com_content&view=article&id=1055&Itemid=109;Samsung CLP-500N
Samsung;https://profit-msk.ru/index.php?option=com_content&view=article&id=3810&Itemid=109;Samsung CLP-510N
Samsung;https://profit-msk.ru/index.php?option=com_content&view=article&id=3809&Itemid=109;Samsung CLP-550N
Samsung;https://profit-msk.ru/index.php?option=com_content&view=article&id=5629&Itemid=109;Samsung CLP-600
Samsung;https://profit-msk.ru/index.php?option=com_content&view=article&id=4086&Itemid=109;Samsung CLP-610ND
Samsung;https://profit-msk.ru/index.php?option=com_content&view=article&id=5137&Itemid=109;Samsung CLP-620ND
Samsung;https://profit-msk.ru/index.php?option=com_content&view=article&id=5630&Itemid=109;Samsung CLP-650N
Samsung;https://profit-msk.ru/index.php?option=com_content&view=article&id=4087&Itemid=109;Samsung CLP-660ND
Samsung;https://profit-msk.ru/index.php?option=com_content&view=article&id=6624&Itemid=109;Samsung CLP-670ND
Samsung;https://profit-msk.ru/index.php?option=com_content&view=article&id=2994&Itemid=109;Samsung CLP-680ND
Samsung;https://profit-msk.ru/index.php?option=com_content&view=article&id=3035&Itemid=109;Samsung CLP-770ND
Samsung;https://profit-msk.ru/index.php?option=com_content&view=article&id=4116&Itemid=109;Samsung CLP-775ND
Samsung;https://profit-msk.ru/index.php?option=com_content&view=article&id=5234&Itemid=109;Samsung ProXpress C2620DW
Samsung;https://profit-msk.ru/index.php?option=com_content&view=article&id=5099&Itemid=109;Samsung ProXpress C3010ND
Samsung;https://profit-msk.ru/index.php?option=com_content&view=article&id=4770&Itemid=109;Samsung Xpress C1810W
Samsung;https://profit-msk.ru/index.php?option=com_content&view=article&id=5120&Itemid=109;Samsung Xpress C410W
Samsung;https://profit-msk.ru/index.php?option=com_content&view=article&id=5178&Itemid=109;Samsung Xpress C430
Samsung;https://profit-msk.ru/index.php?option=com_content&view=article&id=5179&Itemid=109;Samsung Xpress C430W
Samsung;https://profit-msk.ru/index.php?option=com_content&view=article&id=3762&Itemid=109;Samsung CLX-2160
Samsung;https://profit-msk.ru/index.php?option=com_content&view=article&id=3763&Itemid=109;Samsung CLX-2160N
Samsung;https://profit-msk.ru/index.php?option=com_content&view=article&id=3765&Itemid=109;Samsung CLX-3160FN
Samsung;https://profit-msk.ru/index.php?option=com_content&view=article&id=3764&Itemid=109;Samsung CLX-3160N
Samsung;https://profit-msk.ru/index.php?option=com_content&view=article&id=3770&Itemid=109;Samsung CLX-3170FN
Samsung;https://profit-msk.ru/index.php?option=com_content&view=article&id=3771&Itemid=109;Samsung CLX-3175
Samsung;https://profit-msk.ru/index.php?option=com_content&view=article&id=3772&Itemid=109;Samsung CLX-3175FN
Samsung;https://profit-msk.ru/index.php?option=com_content&view=article&id=3773&Itemid=109;Samsung CLX-3175FW
Samsung;https://profit-msk.ru/index.php?option=com_content&view=article&id=3774&Itemid=109;Samsung CLX-3175N
Samsung;https://profit-msk.ru/index.php?option=com_content&view=article&id=3807&Itemid=109;Samsung CLX-3185
Samsung;https://profit-msk.ru/index.php?option=com_content&view=article&id=5366&Itemid=109;Samsung CLX-3185FN
Samsung;https://profit-msk.ru/index.php?option=com_content&view=article&id=5367&Itemid=109;Samsung CLX-3185FW
Samsung;https://profit-msk.ru/index.php?option=com_content&view=article&id=5368&Itemid=109;Samsung CLX-3185N
Samsung;https://profit-msk.ru/index.php?option=com_content&view=article&id=5369&Itemid=109;Samsung CLX-3185W
Samsung;https://profit-msk.ru/index.php?option=com_content&view=article&id=3024&Itemid=109;Samsung CLX-3300
Samsung;https://profit-msk.ru/index.php?option=com_content&view=article&id=3025&Itemid=109;Samsung CLX-3305
Samsung;https://profit-msk.ru/index.php?option=com_content&view=article&id=3026&Itemid=109;Samsung CLX-3305FN
Samsung;https://profit-msk.ru/index.php?option=com_content&view=article&id=3027&Itemid=109;Samsung CLX-3305FW
Samsung;https://profit-msk.ru/index.php?option=com_content&view=article&id=3028&Itemid=109;Samsung CLX-3305W
Samsung;https://profit-msk.ru/index.php?option=com_content&view=article&id=3031&Itemid=109;Samsung CLX-4195FN
Samsung;https://profit-msk.ru/index.php?option=com_content&view=article&id=3032&Itemid=109;Samsung CLX-4195FW
Samsung;https://profit-msk.ru/index.php?option=com_content&view=article&id=4088&Itemid=109;Samsung CLX-6200FX
Samsung;https://profit-msk.ru/index.php?option=com_content&view=article&id=4089&Itemid=109;Samsung CLX-6200ND
Samsung;https://profit-msk.ru/index.php?option=com_content&view=article&id=4090&Itemid=109;Samsung CLX-6210FX
Samsung;https://profit-msk.ru/index.php?option=com_content&view=article&id=5396&Itemid=109;Samsung CLX-6220FX
Samsung;https://profit-msk.ru/index.php?option=com_content&view=article&id=4091&Itemid=109;Samsung CLX-6240FX
Samsung;https://profit-msk.ru/index.php?option=com_content&view=article&id=5397&Itemid=109;Samsung CLX-6250FX
Samsung;https://profit-msk.ru/index.php?option=com_content&view=article&id=2997&Itemid=109;Samsung CLX-6260FD
Samsung;https://profit-msk.ru/index.php?option=com_content&view=article&id=2995&Itemid=109;Samsung CLX-6260FR
Samsung;https://profit-msk.ru/index.php?option=com_content&view=article&id=2998&Itemid=109;Samsung CLX-6260FW
Samsung;https://profit-msk.ru/index.php?option=com_content&view=article&id=2996&Itemid=109;Samsung CLX-6260ND
Samsung;https://profit-msk.ru/index.php?option=com_content&view=article&id=5235&Itemid=109;Samsung MultiXpress CLX-8640ND
Samsung;https://profit-msk.ru/index.php?option=com_content&view=article&id=5236&Itemid=109;Samsung MultiXpress CLX-8650ND
Samsung;https://profit-msk.ru/index.php?option=com_content&view=article&id=5123&Itemid=109;Samsung MultiXpress CLX-9201NA
Samsung;https://profit-msk.ru/index.php?option=com_content&view=article&id=5124&Itemid=109;Samsung MultiXpress CLX-9201ND
Samsung;https://profit-msk.ru/index.php?option=com_content&view=article&id=3013&Itemid=109;Samsung MultiXpress CLX-9250ND
Samsung;https://profit-msk.ru/index.php?option=com_content&view=article&id=5133&Itemid=109;Samsung MultiXpress CLX-9251NA
Samsung;https://profit-msk.ru/index.php?option=com_content&view=article&id=5132&Itemid=109;Samsung MultiXpress CLX-9252NA
Samsung;https://profit-msk.ru/index.php?option=com_content&view=article&id=5134&Itemid=109;Samsung MultiXpress CLX-9301NA
Samsung;https://profit-msk.ru/index.php?option=com_content&view=article&id=3014&Itemid=109;Samsung MultiXpress CLX-9350ND
Samsung;https://profit-msk.ru/index.php?option=com_content&view=article&id=5186&Itemid=109;Samsung MultiXpress CLX-9352NA
Samsung;https://profit-msk.ru/index.php?option=com_content&view=article&id=5135&Itemid=109;Samsung MultiXpress X3220NR
Samsung;https://profit-msk.ru/index.php?option=com_content&view=article&id=5136&Itemid=109;Samsung MultiXpress X3280NR
Samsung;https://profit-msk.ru/index.php?option=com_content&view=article&id=5233&Itemid=109;Samsung ProXpress C2670FW
Samsung;https://profit-msk.ru/index.php?option=com_content&view=article&id=5100&Itemid=109;Samsung ProXpress C3060FR
Samsung;https://profit-msk.ru/index.php?option=com_content&view=article&id=5232&Itemid=109;Samsung Xpress C1860FW
Samsung;https://profit-msk.ru/index.php?option=com_content&view=article&id=5173&Itemid=109;Samsung Xpress C460FW
Samsung;https://profit-msk.ru/index.php?option=com_content&view=article&id=5172&Itemid=109;Samsung Xpress C460W
Samsung;https://profit-msk.ru/index.php?option=com_content&view=article&id=5175&Itemid=109;Samsung Xpress C480
Samsung;https://profit-msk.ru/index.php?option=com_content&view=article&id=5176&Itemid=109;Samsung Xpress C480FW
Samsung;https://profit-msk.ru/index.php?option=com_content&view=article&id=5177&Itemid=109;Samsung Xpress C480W
