Xerox;https://profit-msk.ru/index.php?option=com_content&view=article&id=6240&Itemid=110;Xerox B210
Xerox;https://profit-msk.ru/index.php?option=com_content&view=article&id=5964&Itemid=110;Xerox DocuPrint 4508
Xerox;https://profit-msk.ru/index.php?option=com_content&view=article&id=5961&Itemid=110;Xerox DocuPrint P1210
Xerox;https://profit-msk.ru/index.php?option=com_content&view=article&id=3055&Itemid=110;Xerox Phaser 3010 Black
Xerox;https://profit-msk.ru/index.php?option=com_content&view=article&id=3056&Itemid=110;Xerox Phaser 3010
Xerox;https://profit-msk.ru/index.php?option=com_content&view=article&id=5766&Itemid=110;Xerox Phaser 3020BI
Xerox;https://profit-msk.ru/index.php?option=com_content&view=article&id=3057&Itemid=110;Xerox Phaser 3040B
Xerox;https://profit-msk.ru/index.php?option=com_content&view=article&id=5362&Itemid=110;Xerox Phaser 3052NI
Xerox;https://profit-msk.ru/index.php?option=com_content&view=article&id=3731&Itemid=110;Xerox Phaser 3110
Xerox;https://profit-msk.ru/index.php?option=com_content&view=article&id=5963&Itemid=110;Xerox Phaser 3116
Xerox;https://profit-msk.ru/index.php?option=com_content&view=article&id=1943&Itemid=110;Xerox Phaser 3117
Xerox;https://profit-msk.ru/index.php?option=com_content&view=article&id=3733&Itemid=110;Xerox Phaser 3120
Xerox;https://profit-msk.ru/index.php?option=com_content&view=article&id=3734&Itemid=110;Xerox Phaser 3121
Xerox;https://profit-msk.ru/index.php?option=com_content&view=article&id=3736&Itemid=110;Xerox Phaser 3122
Xerox;https://profit-msk.ru/index.php?option=com_content&view=article&id=1944&Itemid=110;Xerox Phaser 3124
Xerox;https://profit-msk.ru/index.php?option=com_content&view=article&id=1945&Itemid=110;Xerox Phaser 3125
Xerox;https://profit-msk.ru/index.php?option=com_content&view=article&id=1946&Itemid=110;Xerox Phaser 3125N
Xerox;https://profit-msk.ru/index.php?option=com_content&view=article&id=3735&Itemid=110;Xerox Phaser 3130
Xerox;https://profit-msk.ru/index.php?option=com_content&view=article&id=1936&Itemid=110;Xerox Phaser 3140 Orange
Xerox;https://profit-msk.ru/index.php?option=com_content&view=article&id=1937&Itemid=110;Xerox Phaser 3140
Xerox;https://profit-msk.ru/index.php?option=com_content&view=article&id=1935&Itemid=110;Xerox Phaser 3140
Xerox;https://profit-msk.ru/index.php?option=com_content&view=article&id=1949&Itemid=110;Xerox Phaser 3150
Xerox;https://profit-msk.ru/index.php?option=com_content&view=article&id=1950&Itemid=110;Xerox Phaser 3150N
Xerox;https://profit-msk.ru/index.php?option=com_content&view=article&id=4115&Itemid=110;Xerox Phaser 3155
Xerox;https://profit-msk.ru/index.php?option=com_content&view=article&id=4076&Itemid=110;Xerox Phaser 3160B
Xerox;https://profit-msk.ru/index.php?option=com_content&view=article&id=4075&Itemid=110;Xerox Phaser 3160N
Xerox;https://profit-msk.ru/index.php?option=com_content&view=article&id=3732&Itemid=110;Xerox Phaser 3210
Xerox;https://profit-msk.ru/index.php?option=com_content&view=article&id=1952&Itemid=110;Xerox Phaser 3250D
Xerox;https://profit-msk.ru/index.php?option=com_content&view=article&id=5361&Itemid=110;Xerox Phaser 3260DNI
Xerox;https://profit-msk.ru/index.php?option=com_content&view=article&id=3740&Itemid=110;Xerox Phaser 3310
Xerox;https://profit-msk.ru/index.php?option=com_content&view=article&id=3450&Itemid=110;Xerox Phaser 3320DNI
Xerox;https://profit-msk.ru/index.php?option=com_content&view=article&id=6163&Itemid=110;Xerox Phaser 3330
Xerox;https://profit-msk.ru/index.php?option=com_content&view=article&id=3739&Itemid=110;Xerox Phaser 3400B
Xerox;https://profit-msk.ru/index.php?option=com_content&view=article&id=5636&Itemid=110;Xerox Phaser 3420
Xerox;https://profit-msk.ru/index.php?option=com_content&view=article&id=5637&Itemid=110;Xerox Phaser 3425
Xerox;https://profit-msk.ru/index.php?option=com_content&view=article&id=2729&Itemid=110;Xerox Phaser 3428D
Xerox;https://profit-msk.ru/index.php?option=com_content&view=article&id=2728&Itemid=110;Xerox Phaser 3435DN
Xerox;https://profit-msk.ru/index.php?option=com_content&view=article&id=2731&Itemid=110;Xerox Phaser 3450
Xerox;https://profit-msk.ru/index.php?option=com_content&view=article&id=1957&Itemid=110;Xerox Phaser 3500
Xerox;https://profit-msk.ru/index.php?option=com_content&view=article&id=2730&Itemid=110;Xerox Phaser 3600
Xerox;https://profit-msk.ru/index.php?option=com_content&view=article&id=5393&Itemid=110;Xerox Phaser 3610DN
Xerox;https://profit-msk.ru/index.php?option=com_content&view=article&id=5392&Itemid=110;Xerox Phaser 3610N
Xerox;https://profit-msk.ru/index.php?option=com_content&view=article&id=3738&Itemid=110;Xerox Phaser 4400B
Xerox;https://profit-msk.ru/index.php?option=com_content&view=article&id=2744&Itemid=110;Xerox Phaser 4500
Xerox;https://profit-msk.ru/index.php?option=com_content&view=article&id=2722&Itemid=110;Xerox Phaser 4510
Xerox;https://profit-msk.ru/index.php?option=com_content&view=article&id=2720&Itemid=110;Xerox Phaser 4600N
Xerox;https://profit-msk.ru/index.php?option=com_content&view=article&id=2772&Itemid=110;Xerox Phaser 4620DT
Xerox;https://profit-msk.ru/index.php?option=com_content&view=article&id=5638&Itemid=110;Xerox Phaser 5400N
Xerox;https://profit-msk.ru/index.php?option=com_content&view=article&id=3724&Itemid=110;Xerox Phaser 5500B
Xerox;https://profit-msk.ru/index.php?option=com_content&view=article&id=2733&Itemid=110;Xerox Phaser 5550
Xerox;https://profit-msk.ru/index.php?option=com_content&view=article&id=5347&Itemid=110;Xerox VersaLink B400DN
Xerox;https://profit-msk.ru/index.php?option=com_content&view=article&id=5346&Itemid=110;Xerox VersaLink B400N
Xerox;https://profit-msk.ru/index.php?option=com_content&view=article&id=6228&Itemid=110;Xerox B1022DN
Xerox;https://profit-msk.ru/index.php?option=com_content&view=article&id=6229&Itemid=110;Xerox B1025DN
Xerox;https://profit-msk.ru/index.php?option=com_content&view=article&id=6230&Itemid=110;Xerox B1025DNA
Xerox;https://profit-msk.ru/index.php?option=com_content&view=article&id=6241&Itemid=110;Xerox B205
Xerox;https://profit-msk.ru/index.php?option=com_content&view=article&id=6242&Itemid=110;Xerox B215
Xerox;https://profit-msk.ru/index.php?option=com_content&view=article&id=2790&Itemid=110;Xerox FaxCentre 2218
Xerox;https://profit-msk.ru/index.php?option=com_content&view=article&id=5962&Itemid=110;Xerox FaxCentre F110
Xerox;https://profit-msk.ru/index.php?option=com_content&view=article&id=1932&Itemid=110;Xerox Phaser 3100MFP
Xerox;https://profit-msk.ru/index.php?option=com_content&view=article&id=1934&Itemid=110;Xerox Phaser 3100MFP
Xerox;https://profit-msk.ru/index.php?option=com_content&view=article&id=1959&Itemid=110;Xerox Phaser 3200MFP
Xerox;https://profit-msk.ru/index.php?option=com_content&view=article&id=3727&Itemid=110;Xerox Phaser 3300MFP
Xerox;https://profit-msk.ru/index.php?option=com_content&view=article&id=3077&Itemid=110;Xerox Phaser 3635MFP
Xerox;https://profit-msk.ru/index.php?option=com_content&view=article&id=3078&Itemid=110;Xerox Phaser 3635MFP
Xerox;https://profit-msk.ru/index.php?option=com_content&view=article&id=5348&Itemid=110;Xerox VersaLink B405DN
Xerox;https://profit-msk.ru/index.php?option=com_content&view=article&id=5768&Itemid=110;Xerox WorkCentre 3025BI
Xerox;https://profit-msk.ru/index.php?option=com_content&view=article&id=5767&Itemid=110;Xerox WorkCentre 3025NI
Xerox;https://profit-msk.ru/index.php?option=com_content&view=article&id=3058&Itemid=110;Xerox WorkCentre 3045 Black
Xerox;https://profit-msk.ru/index.php?option=com_content&view=article&id=3059&Itemid=110;Xerox WorkCentre 3045B
Xerox;https://profit-msk.ru/index.php?option=com_content&view=article&id=3060&Itemid=110;Xerox WorkCentre 3045NI
Xerox;https://profit-msk.ru/index.php?option=com_content&view=article&id=1951&Itemid=110;Xerox WorkCentre 3119
Xerox;https://profit-msk.ru/index.php?option=com_content&view=article&id=3033&Itemid=110;Xerox WorkCentre 3210
Xerox;https://profit-msk.ru/index.php?option=com_content&view=article&id=5363&Itemid=110;Xerox WorkCentre 3215NI
Xerox;https://profit-msk.ru/index.php?option=com_content&view=article&id=3034&Itemid=110;Xerox WorkCentre 3220
Xerox;https://profit-msk.ru/index.php?option=com_content&view=article&id=5364&Itemid=110;Xerox WorkCentre 3225DNI
Xerox;https://profit-msk.ru/index.php?option=com_content&view=article&id=3062&Itemid=110;Xerox WorkCentre 3315DN
Xerox;https://profit-msk.ru/index.php?option=com_content&view=article&id=3723&Itemid=110;Xerox WorkCentre 3325DNI
Xerox;https://profit-msk.ru/index.php?option=com_content&view=article&id=5958&Itemid=110;Xerox WorkCentre 3335
Xerox;https://profit-msk.ru/index.php?option=com_content&view=article&id=5959&Itemid=110;Xerox WorkCentre 3345
Xerox;https://profit-msk.ru/index.php?option=com_content&view=article&id=3079&Itemid=110;Xerox WorkCentre 3550X
Xerox;https://profit-msk.ru/index.php?option=com_content&view=article&id=4915&Itemid=110;Xerox WorkCentre 3615DN
Xerox;https://profit-msk.ru/index.php?option=com_content&view=article&id=6170&Itemid=110;Xerox WorkCentre 3655S
Xerox;https://profit-msk.ru/index.php?option=com_content&view=article&id=6169&Itemid=110;Xerox WorkCentre 3655X
Xerox;https://profit-msk.ru/index.php?option=com_content&view=article&id=2732&Itemid=110;Xerox WorkCentre 4118p
Xerox;https://profit-msk.ru/index.php?option=com_content&view=article&id=2788&Itemid=110;Xerox WorkCentre 4118x
Xerox;https://profit-msk.ru/index.php?option=com_content&view=article&id=5150&Itemid=110;Xerox WorkCentre 4250
Xerox;https://profit-msk.ru/index.php?option=com_content&view=article&id=5151&Itemid=110;Xerox WorkCentre 4260S
Xerox;https://profit-msk.ru/index.php?option=com_content&view=article&id=6165&Itemid=110;Xerox WorkCentre 5016
Xerox;https://profit-msk.ru/index.php?option=com_content&view=article&id=3061&Itemid=110;Xerox WorkCentre 5020B
Xerox;https://profit-msk.ru/index.php?option=com_content&view=article&id=6166&Itemid=110;Xerox WorkCentre 5021
Xerox;https://profit-msk.ru/index.php?option=com_content&view=article&id=6164&Itemid=110;Xerox WorkCentre 5022
Xerox;https://profit-msk.ru/index.php?option=com_content&view=article&id=6167&Itemid=110;Xerox WorkCentre 5024
Xerox;https://profit-msk.ru/index.php?option=com_content&view=article&id=5631&Itemid=110;Xerox WorkCentre 5222
Xerox;https://profit-msk.ru/index.php?option=com_content&view=article&id=5632&Itemid=110;Xerox WorkCentre 5225
Xerox;https://profit-msk.ru/index.php?option=com_content&view=article&id=5633&Itemid=110;Xerox WorkCentre 5230
Xerox;https://profit-msk.ru/index.php?option=com_content&view=article&id=6224&Itemid=110;Xerox WorkCentre 5325
Xerox;https://profit-msk.ru/index.php?option=com_content&view=article&id=6225&Itemid=110;Xerox WorkCentre 5335
Xerox;https://profit-msk.ru/index.php?option=com_content&view=article&id=4588&Itemid=110;Xerox WorkCentre 5945
Xerox;https://profit-msk.ru/index.php?option=com_content&view=article&id=2861&Itemid=110;Xerox WorkCentre M118i
Xerox;https://profit-msk.ru/index.php?option=com_content&view=article&id=2786&Itemid=110;Xerox WorkCentre M20
Xerox;https://profit-msk.ru/index.php?option=com_content&view=article&id=2787&Itemid=110;Xerox WorkCentre M20i
Xerox;https://profit-msk.ru/index.php?option=com_content&view=article&id=3737&Itemid=110;Xerox WorkCentre PE114e
Xerox;https://profit-msk.ru/index.php?option=com_content&view=article&id=2739&Itemid=110;Xerox WorkCentre PE120i
Xerox;https://profit-msk.ru/index.php?option=com_content&view=article&id=2743&Itemid=110;Xerox WorkCentre PE16
Xerox;https://profit-msk.ru/index.php?option=com_content&view=article&id=2721&Itemid=110;Xerox WorkCentre PE220
Xerox;https://profit-msk.ru/index.php?option=com_content&view=article&id=2860&Itemid=110;Xerox WorkCentre Pro 128
Xerox;https://profit-msk.ru/index.php?option=com_content&view=article&id=3456&Itemid=110;Xerox Phaser 6000B
Xerox;https://profit-msk.ru/index.php?option=com_content&view=article&id=4749&Itemid=110;Xerox Phaser 6020
Xerox;https://profit-msk.ru/index.php?option=com_content&view=article&id=4750&Itemid=110;Xerox Phaser 6022
Xerox;https://profit-msk.ru/index.php?option=com_content&view=article&id=3728&Itemid=110;Xerox Phaser 6100DN
Xerox;https://profit-msk.ru/index.php?option=com_content&view=article&id=5639&Itemid=110;Xerox Phaser 6110N
Xerox;https://profit-msk.ru/index.php?option=com_content&view=article&id=3725&Itemid=110;Xerox Phaser 6120
Xerox;https://profit-msk.ru/index.php?option=com_content&view=article&id=3729&Itemid=110;Xerox Phaser 6125N
Xerox;https://profit-msk.ru/index.php?option=com_content&view=article&id=1942&Itemid=110;Xerox Phaser 6130N
Xerox;https://profit-msk.ru/index.php?option=com_content&view=article&id=3730&Itemid=110;Xerox Phaser 6140N
Xerox;https://profit-msk.ru/index.php?option=com_content&view=article&id=2892&Itemid=110;Xerox Phaser 6180
Xerox;https://profit-msk.ru/index.php?option=com_content&view=article&id=2893&Itemid=110;Xerox Phaser 6180DN
Xerox;https://profit-msk.ru/index.php?option=com_content&view=article&id=2894&Itemid=110;Xerox Phaser 6180N
Xerox;https://profit-msk.ru/index.php?option=com_content&view=article&id=5643&Itemid=110;Xerox Phaser 6200B
Xerox;https://profit-msk.ru/index.php?option=com_content&view=article&id=3549&Itemid=110;Xerox Phaser 6250B
Xerox;https://profit-msk.ru/index.php?option=com_content&view=article&id=2700&Itemid=110;Xerox Phaser 6280N
Xerox;https://profit-msk.ru/index.php?option=com_content&view=article&id=4975&Itemid=110;Xerox Phaser 6300DN
Xerox;https://profit-msk.ru/index.php?option=com_content&view=article&id=5644&Itemid=110;Xerox Phaser 6350DP
Xerox;https://profit-msk.ru/index.php?option=com_content&view=article&id=2734&Itemid=110;Xerox Phaser 6360N
Xerox;https://profit-msk.ru/index.php?option=com_content&view=article&id=4718&Itemid=110;Xerox Phaser 6500DN
Xerox;https://profit-msk.ru/index.php?option=com_content&view=article&id=4719&Itemid=110;Xerox Phaser 6500N
Xerox;https://profit-msk.ru/index.php?option=com_content&view=article&id=6158&Itemid=110;Xerox Phaser 6510DN
Xerox;https://profit-msk.ru/index.php?option=com_content&view=article&id=6159&Itemid=110;Xerox Phaser 6510DNI
Xerox;https://profit-msk.ru/index.php?option=com_content&view=article&id=6157&Itemid=110;Xerox Phaser 6510N
Xerox;https://profit-msk.ru/index.php?option=com_content&view=article&id=5966&Itemid=110;Xerox Phaser 6600N
Xerox;https://profit-msk.ru/index.php?option=com_content&view=article&id=5965&Itemid=110;Xerox Phaser 6600DN
Xerox;https://profit-msk.ru/index.php?option=com_content&view=article&id=2716&Itemid=110;Xerox Phaser 6700N
Xerox;https://profit-msk.ru/index.php?option=com_content&view=article&id=4619&Itemid=110;Xerox Phaser 7100DN
Xerox;https://profit-msk.ru/index.php?option=com_content&view=article&id=4620&Itemid=110;Xerox Phaser 7100N
Xerox;https://profit-msk.ru/index.php?option=com_content&view=article&id=3453&Itemid=110;Xerox Phaser 7300B
Xerox;https://profit-msk.ru/index.php?option=com_content&view=article&id=3245&Itemid=110;Xerox Phaser 7400DN
Xerox;https://profit-msk.ru/index.php?option=com_content&view=article&id=4722&Itemid=110;Xerox Phaser 7500DN
Xerox;https://profit-msk.ru/index.php?option=com_content&view=article&id=4723&Itemid=110;Xerox Phaser 7500DT
Xerox;https://profit-msk.ru/index.php?option=com_content&view=article&id=4724&Itemid=110;Xerox Phaser 7500DX
Xerox;https://profit-msk.ru/index.php?option=com_content&view=article&id=4725&Itemid=110;Xerox Phaser 7500N
Xerox;https://profit-msk.ru/index.php?option=com_content&view=article&id=4914&Itemid=110;Xerox Phaser 7800DN
Xerox;https://profit-msk.ru/index.php?option=com_content&view=article&id=5955&Itemid=110;Xerox Color C60
Xerox;https://profit-msk.ru/index.php?option=com_content&view=article&id=5956&Itemid=110;Xerox Color C70
Xerox;https://profit-msk.ru/index.php?option=com_content&view=article&id=6223&Itemid=110;Xerox DocuCentre SC2020
Xerox;https://profit-msk.ru/index.php?option=com_content&view=article&id=5641&Itemid=110;Xerox Phaser 6110MFP
Xerox;https://profit-msk.ru/index.php?option=com_content&view=article&id=5642&Itemid=110;Xerox Phaser 6110MFP
Xerox;https://profit-msk.ru/index.php?option=com_content&view=article&id=5640&Itemid=110;Xerox Phaser 6110MFP
Xerox;https://profit-msk.ru/index.php?option=com_content&view=article&id=3726&Itemid=110;Xerox Phaser 6115MFP
Xerox;https://profit-msk.ru/index.php?option=com_content&view=article&id=3452&Itemid=110;Xerox Phaser 6121MFP
Xerox;https://profit-msk.ru/index.php?option=com_content&view=article&id=3451&Itemid=110;Xerox Phaser 6121MFP
Xerox;https://profit-msk.ru/index.php?option=com_content&view=article&id=4917&Itemid=110;Xerox Phaser 6128MFP
Xerox;https://profit-msk.ru/index.php?option=com_content&view=article&id=2895&Itemid=110;Xerox Phaser 6180MFP
Xerox;https://profit-msk.ru/index.php?option=com_content&view=article&id=2896&Itemid=110;Xerox Phaser 6180MFP
Xerox;https://profit-msk.ru/index.php?option=com_content&view=article&id=2897&Itemid=110;Xerox Phaser 6180MFP
Xerox;https://profit-msk.ru/index.php?option=com_content&view=article&id=6171&Itemid=110;Xerox VersaLink C405DN
Xerox;https://profit-msk.ru/index.php?option=com_content&view=article&id=6172&Itemid=110;Xerox VersaLink C405N
Xerox;https://profit-msk.ru/index.php?option=com_content&view=article&id=3454&Itemid=110;Xerox WorkCentre 6015B
Xerox;https://profit-msk.ru/index.php?option=com_content&view=article&id=3064&Itemid=110;Xerox WorkCentre 6015N
Xerox;https://profit-msk.ru/index.php?option=com_content&view=article&id=3455&Itemid=110;Xerox WorkCentre 6015NI
Xerox;https://profit-msk.ru/index.php?option=com_content&view=article&id=4751&Itemid=110;Xerox WorkCentre 6025
Xerox;https://profit-msk.ru/index.php?option=com_content&view=article&id=4752&Itemid=110;Xerox WorkCentre 6027
Xerox;https://profit-msk.ru/index.php?option=com_content&view=article&id=1953&Itemid=110;Xerox WorkCentre 6400S
Xerox;https://profit-msk.ru/index.php?option=com_content&view=article&id=4720&Itemid=110;Xerox WorkCentre 6505DN
Xerox;https://profit-msk.ru/index.php?option=com_content&view=article&id=4721&Itemid=110;Xerox WorkCentre 6505N
Xerox;https://profit-msk.ru/index.php?option=com_content&view=article&id=6161&Itemid=110;Xerox WorkCentre 6515DN
Xerox;https://profit-msk.ru/index.php?option=com_content&view=article&id=6162&Itemid=110;Xerox WorkCentre 6515DNI
Xerox;https://profit-msk.ru/index.php?option=com_content&view=article&id=6160&Itemid=110;Xerox WorkCentre 6515N
Xerox;https://profit-msk.ru/index.php?option=com_content&view=article&id=5960&Itemid=110;Xerox WorkCentre 6605N
Xerox;https://profit-msk.ru/index.php?option=com_content&view=article&id=4740&Itemid=110;Xerox WorkCentre 6655
Xerox;https://profit-msk.ru/index.php?option=com_content&view=article&id=3256&Itemid=110;Xerox WorkCentre 7120
Xerox;https://profit-msk.ru/index.php?option=com_content&view=article&id=3084&Itemid=110;Xerox WorkCentre 7132
Xerox;https://profit-msk.ru/index.php?option=com_content&view=article&id=4589&Itemid=110;Xerox WorkCentre 7346
Xerox;https://profit-msk.ru/index.php?option=com_content&view=article&id=5957&Itemid=110;Xerox WorkCentre 7425
Xerox;https://profit-msk.ru/index.php?option=com_content&view=article&id=5634&Itemid=110;Xerox 3050
Xerox;https://profit-msk.ru/index.php?option=com_content&view=article&id=5647&Itemid=110;Xerox CopyCentre C123
Xerox;https://profit-msk.ru/index.php?option=com_content&view=article&id=2859&Itemid=110;Xerox CopyCentre C128
Xerox;https://profit-msk.ru/index.php?option=com_content&view=article&id=2789&Itemid=110;Xerox CopyCentre C20
